product_id,store_id,store_name,product_name,sku,product_url,store_category,primary_role,secondary_roles,part_type,assembly_level,function_summary,classification_reason,classification_confidence,assembly_notes,price,currency,price_captured_at,spec_snapshot,evidence_status,evidence_urls,evidence_note,researched_at,image_url,image_source_url,image_captured_at,cad_status,cad_formats,cad_source_urls,cad_local_paths,cad_notes,browser_model_path,browser_thumbnail_path,review_flags
adafruit-3777,adafruit,Adafruit Industries,"DC Gearbox Motor - ""TT Motor"" - 200RPM - 3 to 6VDC",3777,https://www.adafruit.com/product/3777,motors,legs,,dc_gearmotor,component,Small brushed DC motor with a plastic reduction gearbox for wheel-driven projects.,"Maps to locomotion as a drive actuator; it is a motor, not a complete leg or wheel.",high,"One motor with wires; wheel, mounting, controller, motor driver and power are separate. No built-in encoder or position feedback.",2.95,USD,2026-09-29,"3–6 V TT gearmotor, 1:48 gearbox, 200 RPM at 6 V, 0.8 kg·cm stall at 6 V",live_verified,https://www.adafruit.com/product/3777,"Vendor describes TT wheel applications, one motor per order and the need for an external high-current driver.",2026-09-29,https://www.adafruit.com/images/480x360/3777-00.jpg,https://www.adafruit.com/product/3777,2026-09-29,downloaded_3d,f3d|step|stl,https://raw.githubusercontent.com/adafruit/Adafruit_CAD_Parts/6f52ee4d48df0e7118d2d82f485cb572051a24fe/3777%20TT%20Motor/3777%20TT%20Motor.f3d|https://raw.githubusercontent.com/adafruit/Adafruit_CAD_Parts/6f52ee4d48df0e7118d2d82f485cb572051a24fe/3777%20TT%20Motor/3777%20TT%20Motor.step|https://raw.githubusercontent.com/adafruit/Adafruit_CAD_Parts/6f52ee4d48df0e7118d2d82f485cb572051a24fe/3777%20TT%20Motor/3777%20TT%20Motor.stl,docs/robot-parts-stores/cad/originals/adafruit-3777/3777 TT Motor.f3d|docs/robot-parts-stores/cad/originals/adafruit-3777/3777 TT Motor.step|docs/robot-parts-stores/cad/originals/adafruit-3777/3777 TT Motor.stl,,docs/robot-builder/public/models/adafruit-3777.glb,docs/robot-builder/public/thumbnails/adafruit-3777.png,
adafruit-169,adafruit,Adafruit Industries,Micro servo [TowerPro SG92R],169,https://www.adafruit.com/product/169,servos,arms,head|legs,positional_servo,component,Compact position-controlled hobby servo for small mechanisms.,Suggested arm joint; alternatively a neck or miniature leg joint. Each use needs linkage and load checks; no complete limb is supplied.,medium,"Includes servo horns and mounting hardware; supply a controller, power and mechanism.",5.95,USD,2026-09-29,"4.8 V nominal (3–6 V), 2.5 kg·cm, 0.1 s/60°, 9 g",live_verified,https://www.adafruit.com/product/169,"Vendor identifies TowerPro SG92R, approximate half-turn motion and included horns/hardware.",2026-09-29,https://www.adafruit.com/images/480x360/169-06.jpg,https://www.adafruit.com/product/169,2026-09-29,not_found_in_checked_sources,,,,,,,role_medium_confidence
adafruit-2927,adafruit,Adafruit Industries,DC Motor + Stepper FeatherWing Add-on For All Feather Boards,2927,https://www.adafruit.com/product/2927,motor-drivers,support,,motor_driver,module,Feather add-on board that controls brushed DC motors or stepper motors over I2C.,Internal motor-control electronics; does not provide a body structure or actuator.,high,"Feather controller, motors and external motor supply are separate; header soldering is required.",19.95,USD,2026-09-29,"4 DC or 2 stepper motors, 1.2 A per bridge, motor supply 4.5–13.5 V, 12-bit speed control",live_verified,https://www.adafruit.com/product/2927,Vendor specifies four DC motors or two steppers and explicitly excludes Feather and motors.,2026-09-29,https://www.adafruit.com/images/480x360/2927-06,https://www.adafruit.com/product/2927,2026-09-29,downloaded_3d,f3d|step|stl,https://raw.githubusercontent.com/adafruit/Adafruit_CAD_Parts/6f52ee4d48df0e7118d2d82f485cb572051a24fe/2927%20Motor%20FeatherWing/2927%20Motor%20FeatherWing.f3d|https://raw.githubusercontent.com/adafruit/Adafruit_CAD_Parts/6f52ee4d48df0e7118d2d82f485cb572051a24fe/2927%20Motor%20FeatherWing/2927%20Motor%20FeatherWing.step|https://raw.githubusercontent.com/adafruit/Adafruit_CAD_Parts/6f52ee4d48df0e7118d2d82f485cb572051a24fe/2927%20Motor%20FeatherWing/2927%20Motor%20FeatherWing.stl,docs/robot-parts-stores/cad/originals/adafruit-2927/2927 Motor FeatherWing.f3d|docs/robot-parts-stores/cad/originals/adafruit-2927/2927 Motor FeatherWing.step|docs/robot-parts-stores/cad/originals/adafruit-2927/2927 Motor FeatherWing.stl,,,,
adafruit-1438,adafruit,Adafruit Industries,Adafruit Motor/Stepper/Servo Shield for Arduino v3 Kit,1438,https://www.adafruit.com/product/1438,motor-drivers,support,,motor_driver,kit,Arduino shield providing DC/stepper motor outputs and hobby-servo connections.,Supports motion electrically; the shield is not a limb or robot chassis.,high,"Shield kit needs header soldering; Arduino, motors and power supply must be added.",19.95,USD,2026-09-29,"Arduino shield: 4 DC or 2 stepper motors, 1.2 A/channel (3 A peak ~20 ms), I2C 0x60–0x80",live_verified,https://www.adafruit.com/product/1438,Product page identifies the v3 shield kit and explicitly excludes Arduino and motors.,2026-09-29,https://www.adafruit.com/images/480x360/1438-00.jpg,https://www.adafruit.com/product/1438,2026-09-29,related_model_only,f3d|step,https://raw.githubusercontent.com/adafruit/Adafruit_CAD_Parts/6f52ee4d48df0e7118d2d82f485cb572051a24fe/1438%20Adafruit%20MotorShield/1438%20Adafruit%20MotorShield%20V2.f3d|https://raw.githubusercontent.com/adafruit/Adafruit_CAD_Parts/6f52ee4d48df0e7118d2d82f485cb572051a24fe/1438%20Adafruit%20MotorShield/1438%20Adafruit%20MotorShield.step,docs/robot-parts-stores/cad/originals/adafruit-1438/1438 Adafruit MotorShield V2.f3d|docs/robot-parts-stores/cad/originals/adafruit-1438/1438 Adafruit MotorShield.step,Repository model is MotorShield V2; catalog currently names v3. Related revision only; verify dimensions before using.,,,cad_related_model_only
adafruit-4864,adafruit,Adafruit Industries,Raspberry Pi Pico RP2040,4864,https://www.adafruit.com/product/4864,microcontrollers-sbc,support,,microcontroller,module,RP2040 development board for embedded programs and peripheral control.,Internal control board; its processor does not make the board a mechanical head.,high,"Add firmware, power, wiring and suitable interfaces or drivers for external parts.",4.00,USD,2026-09-29,"RP2040 dual Arm Cortex-M0+ @ 133 MHz, 264 kB SRAM, 51.3 × 21 mm",live_verified,https://www.adafruit.com/product/4864,Vendor distinguishes Pico as an embedded microcontroller rather than a general-purpose Raspberry Pi computer.,2026-09-29,https://www.adafruit.com/images/480x360/4864-00.jpg,https://www.adafruit.com/product/4864,2026-09-29,downloaded_3d,step|zip,https://pip-assets.raspberrypi.com/categories/610-raspberry-pi-pico/documents/RP-008311-DS-1-Pico-R3-step.zip,docs/robot-parts-stores/cad/originals/adafruit-4864/Pico-R3-step.zip|docs/robot-parts-stores/cad/extracted/adafruit-4864/Pico-R3-step/Pico-R3.step,,,,
adafruit-5129,adafruit,Adafruit Industries,Maker Pi RP2040 - Motor and Robot Controller,5129,https://www.adafruit.com/product/5129,microcontrollers-sbc,support,,robot_controller,module,"RP2040 robot-control board with two DC motor channels, servo connections and Grove ports.","Integrates control and power interfaces, not mechanical body parts.",high,"Motors, servos, sensors, power source and mechanical structure must be supplied separately.",14.95,USD,2026-09-29,"RP2040 robot controller: dual-channel DC motor driver, 4 servo ports, 7 Grove connectors",live_verified,https://www.adafruit.com/product/5129,"Vendor lists two DC motor channels, four servo connections and onboard power/charging circuitry.",2026-09-29,https://www.adafruit.com/images/480x360/5129-00.jpg,https://www.adafruit.com/product/5129,2026-09-29,downloaded_3d,igs|sldasm|sldprt|step|zip,https://cdn.cytron.io/MAKER-PI-RP2040/MAKER-PI-RP2040-3DCAD.zip,docs/robot-parts-stores/cad/originals/adafruit-5129/MAKER-PI-RP2040-3DCAD.zip|docs/robot-parts-stores/cad/extracted/adafruit-5129/MAKER-PI-RP2040-3DCAD/3D CAD - MAKER-PI-RP2040/MAKER-PI-RP2040.IGS|docs/robot-parts-stores/cad/extracted/adafruit-5129/MAKER-PI-RP2040-3DCAD/3D CAD - MAKER-PI-RP2040/MAKER-PI-RP2040.STEP|docs/robot-parts-stores/cad/extracted/adafruit-5129/MAKER-PI-RP2040-3DCAD/3D CAD - MAKER-PI-RP2040/Solidworks/1608.sldprt|docs/robot-parts-stores/cad/extracted/adafruit-5129/MAKER-PI-RP2040-3DCAD/3D CAD - MAKER-PI-RP2040/Solidworks/2012.sldprt|docs/robot-parts-stores/cad/extracted/adafruit-5129/MAKER-PI-RP2040-3DCAD/3D CAD - MAKER-PI-RP2040/Solidworks/Board.sldprt|docs/robot-parts-stores/cad/extracted/adafruit-5129/MAKER-PI-RP2040-3DCAD/3D CAD - MAKER-PI-RP2040/Solidworks/Body.sldprt|docs/robot-parts-stores/cad/extracted/adafruit-5129/MAKER-PI-RP2040-3DCAD/3D CAD - MAKER-PI-RP2040/Solidworks/C1608.SLDPRT|docs/robot-parts-stores/cad/extracted/adafruit-5129/MAKER-PI-RP2040-3DCAD/3D CAD - MAKER-PI-RP2040/Solidworks/CD54.sldprt|docs/robot-parts-stores/cad/extracted/adafruit-5129/MAKER-PI-RP2040-3DCAD/3D CAD - MAKER-PI-RP2040/Solidworks/CYTRON-LOGO-10MM.sldprt|docs/robot-parts-stores/cad/extracted/adafruit-5129/MAKER-PI-RP2040-3DCAD/3D CAD - MAKER-PI-RP2040/Solidworks/CYTRON-LOGO-20MM.sldprt|docs/robot-parts-stores/cad/extracted/adafruit-5129/MAKER-PI-RP2040-3DCAD/3D CAD - MAKER-PI-RP2040/Solidworks/D-SMA.sldprt|docs/robot-parts-stores/cad/extracted/adafruit-5129/MAKER-PI-RP2040-3DCAD/3D CAD - MAKER-PI-RP2040/Solidworks/ECAP-CHEMICON-F.sldprt|docs/robot-parts-stores/cad/extracted/adafruit-5129/MAKER-PI-RP2040-3DCAD/3D CAD - MAKER-PI-RP2040/Solidworks/FIDUCIAL-1MM.sldprt|docs/robot-parts-stores/cad/extracted/adafruit-5129/MAKER-PI-RP2040-3DCAD/3D CAD - MAKER-PI-RP2040/Solidworks/GROVE-04-RA.sldprt|docs/robot-parts-stores/cad/extracted/adafruit-5129/MAKER-PI-RP2040-3DCAD/3D CAD - MAKER-PI-RP2040/Solidworks/GROVE-04.sldprt|docs/robot-parts-stores/cad/extracted/adafruit-5129/MAKER-PI-RP2040-3DCAD/3D CAD - MAKER-PI-RP2040/Solidworks/HDR-M1X03.sldprt|docs/robot-parts-stores/cad/extracted/adafruit-5129/MAKER-PI-RP2040-3DCAD/3D CAD - MAKER-PI-RP2040/Solidworks/HOLE-UNPLATED-M3.sldprt|docs/robot-parts-stores/cad/extracted/adafruit-5129/MAKER-PI-RP2040-3DCAD/3D CAD - MAKER-PI-RP2040/Solidworks/JST-S2B-PH-SM4-TB.sldprt|docs/robot-parts-stores/cad/extracted/adafruit-5129/MAKER-PI-RP2040-3DCAD/3D CAD - MAKER-PI-RP2040/Solidworks/LED-1608.sldprt|docs/robot-parts-stores/cad/extracted/adafruit-5129/MAKER-PI-RP2040-3DCAD/3D CAD - MAKER-PI-RP2040/Solidworks/LED-5050-WS2812B.sldprt|docs/robot-parts-stores/cad/extracted/adafruit-5129/MAKER-PI-RP2040-3DCAD/3D CAD - MAKER-PI-RP2040/Solidworks/MAKER-PI-RP2040 PCBA.SLDASM|docs/robot-parts-stores/cad/extracted/adafruit-5129/MAKER-PI-RP2040-3DCAD/3D CAD - MAKER-PI-RP2040/Solidworks/MAKER-PI-RP2040.SLDASM|docs/robot-parts-stores/cad/extracted/adafruit-5129/MAKER-PI-RP2040-3DCAD/3D CAD - MAKER-PI-RP2040/Solidworks/Packages.sldasm|docs/robot-parts-stores/cad/extracted/adafruit-5129/MAKER-PI-RP2040-3DCAD/3D CAD - MAKER-PI-RP2040/Solidworks/PinsArrayLR.sldprt|docs/robot-parts-stores/cad/extracted/adafruit-5129/MAKER-PI-RP2040-3DCAD/3D CAD - MAKER-PI-RP2040/Solidworks/QFN-56.sldprt|docs/robot-parts-stores/cad/extracted/adafruit-5129/MAKER-PI-RP2040-3DCAD/3D CAD - MAKER-PI-RP2040/Solidworks/R2012.SLDPRT|docs/robot-parts-stores/cad/extracted/adafruit-5129/MAKER-PI-RP2040-3DCAD/3D CAD - MAKER-PI-RP2040/Solidworks/R3216.SLDPRT|docs/robot-parts-stores/cad/extracted/adafruit-5129/MAKER-PI-RP2040-3DCAD/3D CAD - MAKER-PI-RP2040/Solidworks/S-BUZZER-HXD-8530A-03627.sldprt|docs/robot-parts-stores/cad/extracted/adafruit-5129/MAKER-PI-RP2040-3DCAD/3D CAD - MAKER-PI-RP2040/Solidworks/SOIC-16N.sldprt|docs/robot-parts-stores/cad/extracted/adafruit-5129/MAKER-PI-RP2040-3DCAD/3D CAD - MAKER-PI-RP2040/Solidworks/SOT-23 (1).sldprt|docs/robot-parts-stores/cad/extracted/adafruit-5129/MAKER-PI-RP2040-3DCAD/3D CAD - MAKER-PI-RP2040/Solidworks/SOT-23-5.sldprt|docs/robot-parts-stores/cad/extracted/adafruit-5129/MAKER-PI-RP2040-3DCAD/3D CAD - MAKER-PI-RP2040/Solidworks/SOT-23-6.sldprt|docs/robot-parts-stores/cad/extracted/adafruit-5129/MAKER-PI-RP2040-3DCAD/3D CAD - MAKER-PI-RP2040/Solidworks/SOT-23.sldprt|docs/robot-parts-stores/cad/extracted/adafruit-5129/MAKER-PI-RP2040-3DCAD/3D CAD - MAKER-PI-RP2040/Solidworks/SW-PB-KAN3246.sldprt|docs/robot-parts-stores/cad/extracted/adafruit-5129/MAKER-PI-RP2040-3DCAD/3D CAD - MAKER-PI-RP2040/Solidworks/SW-SLIDE-DPDT-MSS22D18-SMD.sldprt|docs/robot-parts-stores/cad/extracted/adafruit-5129/MAKER-PI-RP2040-3DCAD/3D CAD - MAKER-PI-RP2040/Solidworks/SW-SLIDE-SPDT-SMD.sldprt|docs/robot-parts-stores/cad/extracted/adafruit-5129/MAKER-PI-RP2040-3DCAD/3D CAD - MAKER-PI-RP2040/Solidworks/TERMINAL-KF127-2P.sldasm|docs/robot-parts-stores/cad/extracted/adafruit-5129/MAKER-PI-RP2040-3DCAD/3D CAD - MAKER-PI-RP2040/Solidworks/TERMINAL-KF127-3P-a_Green.sldprt|docs/robot-parts-stores/cad/extracted/adafruit-5129/MAKER-PI-RP2040-3DCAD/3D CAD - MAKER-PI-RP2040/Solidworks/TERMINAL-KF127-3P-b_Green.sldprt|docs/robot-parts-stores/cad/extracted/adafruit-5129/MAKER-PI-RP2040-3DCAD/3D CAD - MAKER-PI-RP2040/Solidworks/ThermalPin.sldprt|docs/robot-parts-stores/cad/extracted/adafruit-5129/MAKER-PI-RP2040-3DCAD/3D CAD - MAKER-PI-RP2040/Solidworks/TP-1.5MM.sldprt|docs/robot-parts-stores/cad/extracted/adafruit-5129/MAKER-PI-RP2040-3DCAD/3D CAD - MAKER-PI-RP2040/Solidworks/USB-MICRO-B-REC.sldprt|docs/robot-parts-stores/cad/extracted/adafruit-5129/MAKER-PI-RP2040-3DCAD/3D CAD - MAKER-PI-RP2040/Solidworks/USON-8.sldasm|docs/robot-parts-stores/cad/extracted/adafruit-5129/MAKER-PI-RP2040-3DCAD/3D CAD - MAKER-PI-RP2040/Solidworks/XTAL-HC49UP.sldprt,,,,
adafruit-3317,adafruit,Adafruit Industries,Adafruit VL53L0X Time of Flight Distance Sensor - ~30 to 1000mm,3317,https://www.adafruit.com/product/3317,sensors,head,,distance_sensor,module,VL53L0X optical time-of-flight breakout measuring distance in front of the sensor.,Perception component suitable for a head or eye position; a head shell and mounting are not included.,high,"Requires host controller, power and mounting; QT cable is separate.",14.95,USD,2026-09-29,"VL53L0X laser time-of-flight, ~30–1000 mm range, STEMMA QT breakout",live_verified,https://www.adafruit.com/product/3317,"Vendor describes forward ranging, I2C communication and a breakout with voltage regulation/level shifting.",2026-09-29,https://www.adafruit.com/images/480x360/3317-03,https://www.adafruit.com/product/3317,2026-09-29,not_found_in_checked_sources,,,,,,,
adafruit-4007,adafruit,Adafruit Industries,Ultrasonic Distance Sensor - 3V or 5V - HC-SR04 compatible,4007,https://www.adafruit.com/product/4007,sensors,head,,distance_sensor,module,Ultrasonic ranging module with HC-SR04-compatible control behavior.,Suggested head perception module because it measures nearby obstacles; not a complete head.,high,"Add controller, power, wiring and bracket; vendor notes different physical dimensions from HC-SR04.",3.95,USD,2026-09-29,"HC-SR04-compatible ultrasonic, 3–5.5 V, 2–450 cm, 40 kHz",live_verified,https://www.adafruit.com/product/4007,Vendor describes ultrasonic distance sensing and operation with 3 V or 5 V systems.,2026-09-29,https://www.adafruit.com/images/480x360/4007-05.jpg,https://www.adafruit.com/product/4007,2026-09-29,not_found_in_checked_sources,,,,,,,
adafruit-4754,adafruit,Adafruit Industries,Adafruit 9-DOF Orientation IMU Fusion Breakout - BNO085 (BNO080),4754,https://www.adafruit.com/product/4754,sensors,support,,imu,module,BNO085 breakout combining inertial and magnetic sensing with onboard orientation fusion.,Measures its own motion and orientation rather than surrounding objects; classify as internal sensing support.,high,"Requires host, power and a fixed mounting; QT cable is not included.",29.50,USD,2026-09-29,"BNO085 9-DoF IMU with on-chip sensor fusion, STEMMA QT / Qwiic",live_verified,https://www.adafruit.com/product/4754,"Vendor identifies accelerometer, gyroscope, magnetometer and fused orientation output.",2026-09-29,https://www.adafruit.com/images/480x360/4754-00.jpg,https://www.adafruit.com/product/4754,2026-09-29,downloaded_3d,f3d|step|stl,https://raw.githubusercontent.com/adafruit/Adafruit_CAD_Parts/6f52ee4d48df0e7118d2d82f485cb572051a24fe/4754%20BNO085%20STEMMA%20QT/4754%20BNO085%20STEMMA%20QT.f3d|https://raw.githubusercontent.com/adafruit/Adafruit_CAD_Parts/6f52ee4d48df0e7118d2d82f485cb572051a24fe/4754%20BNO085%20STEMMA%20QT/4754%20BNO085%20STEMMA%20QT.step|https://raw.githubusercontent.com/adafruit/Adafruit_CAD_Parts/6f52ee4d48df0e7118d2d82f485cb572051a24fe/4754%20BNO085%20STEMMA%20QT/4754%20BNO085%20STEMMA%20QT.stl,docs/robot-parts-stores/cad/originals/adafruit-4754/4754 BNO085 STEMMA QT.f3d|docs/robot-parts-stores/cad/originals/adafruit-4754/4754 BNO085 STEMMA QT.step|docs/robot-parts-stores/cad/originals/adafruit-4754/4754 BNO085 STEMMA QT.stl,,docs/robot-builder/public/models/adafruit-4754.glb,docs/robot-builder/public/thumbnails/adafruit-4754.png,
adafruit-2939,adafruit,Adafruit Industries,Mini Robot Rover Chassis Kit - 2WD with DC Motors,2939,https://www.adafruit.com/product/2939,chassis-kits,legs,torso,mobile_base,kit,"Two-wheel-drive rover kit providing a metal chassis, drive motors, wheels and support wheel.",Locomotion base fits the legs category; its load-carrying metal body can also serve as a torso in a loose visual build.,high,"Requires assembly, power, controller and dual H-bridge driver; batteries and Feather boards shown in demos are excluded.",24.95,USD,2026-09-29,"2WD metal rover chassis with DC motors, 156 × 103 × 73.5 mm assembled",live_verified,https://www.adafruit.com/product/2939,"Vendor kit contents list two drive motors, two wheels, support wheel and chassis/top plate; electronics/power are excluded.",2026-09-29,https://www.adafruit.com/images/480x360/2939-08,https://www.adafruit.com/product/2939,2026-09-29,not_found_in_checked_sources,,,,,,,
adafruit-3766,adafruit,Adafruit Industries,Orange and Clear TT Motor Wheel for TT DC Gearbox Motor,3766,https://www.adafruit.com/product/3766,wheels-mechanical,legs,,wheel,component,Silicone-tread wheel that press-fits a TT gearbox motor output.,Ground-contact rolling component for locomotion; it is not a powered leg or motor.,high,Sold individually; TT gearbox motor and chassis are separate.,1.50,USD,2026-09-29,"Wheel for TT gearbox motors, 63 × 29 mm, 38 g",live_verified,https://www.adafruit.com/product/3766,Vendor specifies one wheel per order and TT-motor-only fit.,2026-09-29,https://www.adafruit.com/images/480x360/3766-00.jpg,https://www.adafruit.com/product/3766,2026-09-29,not_found_in_checked_sources,,,,,,,
adafruit-328,adafruit,Adafruit Industries,Lithium Ion Polymer Battery - 3.7v 2500mAh,328,https://www.adafruit.com/product/328,power-batteries,support,,battery,component,Rechargeable single-cell lithium-polymer battery with a 2-pin JST-PH lead.,Electrical energy storage belongs to internal power support.,high,Battery only; compatible charger and application-specific power regulation are separate.,14.95,USD,2026-09-29,"LiPo 3.7 V nominal, 2500 mAh (~10 Wh), 50 × 60 × 7.3 mm, 50 g",live_verified,https://www.adafruit.com/product/328,"Vendor identifies 3.7 V nominal, 2500 mAh battery with protection circuitry and preattached connector.",2026-09-29,https://www.adafruit.com/images/480x360/328-06.jpg,https://www.adafruit.com/product/328,2026-09-29,downloaded_3d,f3d|step,https://raw.githubusercontent.com/adafruit/Adafruit_CAD_Parts/6f52ee4d48df0e7118d2d82f485cb572051a24fe/328%202500mAh%20battery/328%202500mAh%20battery.f3d|https://raw.githubusercontent.com/adafruit/Adafruit_CAD_Parts/6f52ee4d48df0e7118d2d82f485cb572051a24fe/328%202500mAh%20battery/328%202500mAh%20battery.step,docs/robot-parts-stores/cad/originals/adafruit-328/328 2500mAh battery.f3d|docs/robot-parts-stores/cad/originals/adafruit-328/328 2500mAh battery.step,,,,
sparkfun-rob-13302,sparkfun,SparkFun Electronics,Hobby Gearmotor - 140 RPM (Pair),ROB-13302,https://www.sparkfun.com/hobby-gearmotor-140-rpm-pair.html,motors,legs,,dc_gearmotor,component,Pair of DAGU geared DC motors intended to drive small robot wheels.,Locomotion actuators; each motor still needs a wheel or other drive mechanism.,high,"One catalog unit contains two motors; wheels, chassis, driver, controller and power are separate.",7.50,USD,2026-09-29,"Pair of DAGU hobby gearmotors, 4.5 V, 48:1, 140 RPM unloaded, 190 mA no-load",live_verified,https://www.sparkfun.com/hobby-gearmotor-140-rpm-pair.html,Vendor recommends these motors for Shadow Chassis and explicitly states packs of two.,2026-09-29,https://www.sparkfun.com/media/catalog/product/cache/6b78ac9ed927a3c2db42a3c84dab4ce5/1/3/13302-01b.jpg,https://www.sparkfun.com/hobby-gearmotor-140-rpm-pair.html,2026-09-29,not_found_in_checked_sources,,,,,,,
sparkfun-rob-09238,sparkfun,SparkFun Electronics,"Stepper Motor - 32 oz.in (200 steps/rev, 1200mm Wire)",ROB-09238,https://www.sparkfun.com/stepper-motor-32-oz-in-200-steps-rev-1200mm-wire.html,motors,arms,legs,stepper_motor,component,Bipolar NEMA 17 motor providing discrete rotational positioning.,"Suggested joint actuator for an arm or small leg concept; vendor sells a general motion-control motor, not a robot limb.",medium,"Requires stepper driver, supply, controller, coupling, mounting and load-appropriate transmission.",26.95,USD,2026-09-29,"NEMA 17 bipolar stepper, 200 steps/rev, 32 oz·in holding, 0.33 A, 5 mm shaft",live_verified,https://www.sparkfun.com/stepper-motor-32-oz-in-200-steps-rev-1200mm-wire.html,"Vendor describes 200 steps per revolution, NEMA 17 construction and use with external stepper drivers.",2026-09-29,https://www.sparkfun.com/media/catalog/product/cache/6b78ac9ed927a3c2db42a3c84dab4ce5/0/9/09238-01.jpg,https://www.sparkfun.com/stepper-motor-32-oz-in-200-steps-rev-1200mm-wire.html,2026-09-29,downloaded_3d,blend|igs|sldprt|step|stl,https://raw.githubusercontent.com/sparkfun/3D_Models/53d298c3b8202cf8fce9ab61885855720c84c012/products/9238/geometry_edit_blender/9238.blend|https://raw.githubusercontent.com/sparkfun/3D_Models/53d298c3b8202cf8fce9ab61885855720c84c012/products/9238/iges/9238.IGS|https://raw.githubusercontent.com/sparkfun/3D_Models/53d298c3b8202cf8fce9ab61885855720c84c012/products/9238/source_solidworks/9238.sldprt|https://raw.githubusercontent.com/sparkfun/3D_Models/53d298c3b8202cf8fce9ab61885855720c84c012/products/9238/step/9238.STEP|https://raw.githubusercontent.com/sparkfun/3D_Models/53d298c3b8202cf8fce9ab61885855720c84c012/products/9238/stl/9238.stl,docs/robot-parts-stores/cad/originals/sparkfun-rob-09238/9238.blend|docs/robot-parts-stores/cad/originals/sparkfun-rob-09238/9238.IGS|docs/robot-parts-stores/cad/originals/sparkfun-rob-09238/9238.sldprt|docs/robot-parts-stores/cad/originals/sparkfun-rob-09238/9238.STEP|docs/robot-parts-stores/cad/originals/sparkfun-rob-09238/9238.stl,,docs/robot-builder/public/models/sparkfun-rob-09238.glb,docs/robot-builder/public/thumbnails/sparkfun-rob-09238.png,role_medium_confidence
sparkfun-rob-09065,sparkfun,SparkFun Electronics,Servo - Generic (Sub-Micro Size),ROB-09065,https://www.sparkfun.com/servo-generic-sub-micro-size.html,servos,arms,head|legs,positional_servo,component,Sub-micro hobby servo with limited-angle position control.,"Suggested arm joint, with neck or small leg-joint alternatives; requires linkages and suitable loading.",medium,"Includes one servo, several horns and mounting screws; controller, supply and mechanism are separate.",12.95,USD,2026-09-29,"Sub-micro servo, 4.8–6 V, 20.8 oz·in and 0.10 s/60° at 6 V, ~160° travel",live_verified,https://www.sparkfun.com/servo-generic-sub-micro-size.html,Vendor states actual travel near 160 degrees and lists one servo with horns and screws.,2026-09-29,https://www.sparkfun.com/media/catalog/product/cache/6b78ac9ed927a3c2db42a3c84dab4ce5/0/9/09065-01a.jpg,https://www.sparkfun.com/servo-generic-sub-micro-size.html,2026-09-29,downloaded_3d,blend|igs|sldprt|step|stl,https://raw.githubusercontent.com/sparkfun/3D_Models/53d298c3b8202cf8fce9ab61885855720c84c012/products/9065/geometry_edit_blender/9065.blend|https://raw.githubusercontent.com/sparkfun/3D_Models/53d298c3b8202cf8fce9ab61885855720c84c012/products/9065/iges/9065.IGS|https://raw.githubusercontent.com/sparkfun/3D_Models/53d298c3b8202cf8fce9ab61885855720c84c012/products/9065/source_solidworks/9065.SLDPRT|https://raw.githubusercontent.com/sparkfun/3D_Models/53d298c3b8202cf8fce9ab61885855720c84c012/products/9065/step/9065.STEP|https://raw.githubusercontent.com/sparkfun/3D_Models/53d298c3b8202cf8fce9ab61885855720c84c012/products/9065/stl/9065.STL,docs/robot-parts-stores/cad/originals/sparkfun-rob-09065/9065.blend|docs/robot-parts-stores/cad/originals/sparkfun-rob-09065/9065.IGS|docs/robot-parts-stores/cad/originals/sparkfun-rob-09065/9065.SLDPRT|docs/robot-parts-stores/cad/originals/sparkfun-rob-09065/9065.STEP|docs/robot-parts-stores/cad/originals/sparkfun-rob-09065/9065.STL,,docs/robot-builder/public/models/sparkfun-rob-09065.glb,docs/robot-builder/public/thumbnails/sparkfun-rob-09065.png,role_medium_confidence
sparkfun-rob-14450,sparkfun,SparkFun Electronics,SparkFun Motor Driver - Dual TB6612FNG (with Headers),ROB-14450,https://www.sparkfun.com/sparkfun-motor-driver-dual-tb6612fng-with-headers.html,motor-drivers,support,,motor_driver,module,Dual TB6612FNG board for independent speed and direction control of two DC motors.,Motor-driving electronics are internal support rather than locomotion hardware themselves.,high,"Headers are pre-soldered; motors, control signals and power supply are separate.",14.50,USD,2026-09-29,"TB6612FNG dual DC motor driver, up to 1.2 A per motor, headers pre-soldered",live_verified,https://www.sparkfun.com/sparkfun-motor-driver-dual-tb6612fng-with-headers.html,Vendor describes two motor outputs and pre-soldered male headers.,2026-09-29,https://www.sparkfun.com/media/catalog/product/cache/6b78ac9ed927a3c2db42a3c84dab4ce5/1/4/14450a-01.jpg,https://www.sparkfun.com/sparkfun-motor-driver-dual-tb6612fng-with-headers.html,2026-09-29,not_found_in_checked_sources,,,,,,,
sparkfun-rob-15451,sparkfun,SparkFun Electronics,SparkFun Qwiic Motor Driver,ROB-15451,https://www.sparkfun.com/sparkfun-qwiic-motor-driver.html,motor-drivers,support,,motor_driver,module,Two-channel DC motor driver controlled through I2C/Qwiic.,Provides electrical motor control; no moving limb or wheel is included.,high,"Add motors, host controller, Qwiic/wiring and power; logic interface is 3.3 V.",23.78,USD,2026-09-29,"2-channel I2C/Qwiic motor driver, 1.2 A per channel (1.5 A peak), 127 drive levels",live_verified,https://www.sparkfun.com/sparkfun-qwiic-motor-driver.html,"Vendor describes two motor ports, I2C communication, screw terminals and 3.3 V logic.",2026-09-29,https://www.sparkfun.com/media/catalog/product/cache/6b78ac9ed927a3c2db42a3c84dab4ce5/1/5/15451-SparkFun_Qwiic_Motor_Driver-01.jpg,https://www.sparkfun.com/sparkfun-qwiic-motor-driver.html,2026-09-29,not_found_in_checked_sources,,,,,,,
sparkfun-dev-15123,sparkfun,SparkFun Electronics,SparkFun RedBoard Qwiic,DEV-15123,https://www.sparkfun.com/sparkfun-redboard-qwiic.html,microcontrollers-sbc,support,,microcontroller,module,Arduino-compatible development board with a Qwiic peripheral connection.,"Programmable internal controller, not a head or structural torso.",high,"Add program, power and external sensors/actuators; motors need appropriate drivers.",21.95,USD,2026-09-29,"ATmega328 Uno-compatible board, 7–15 V in, 20 I/O (6 PWM, 6 analog), Qwiic connector",live_verified,https://www.sparkfun.com/sparkfun-redboard-qwiic.html,Vendor identifies an Arduino-compatible development board with integrated Qwiic connector.,2026-09-29,https://www.sparkfun.com/media/catalog/product/cache/6b78ac9ed927a3c2db42a3c84dab4ce5/1/5/15123-SparkFun_RedBoard_Qwiic-01a.jpg,https://www.sparkfun.com/sparkfun-redboard-qwiic.html,2026-09-29,not_found_in_checked_sources,,,,,,,
sparkfun-sen-15335,sparkfun,SparkFun Electronics,SparkFun 9DoF IMU Breakout - ICM-20948 (Qwiic),SEN-15335,https://www.sparkfun.com/sparkfun-9dof-imu-breakout-icm-20948-qwiic.html,sensors,support,,imu,module,ICM-20948 breakout providing nine-axis motion measurements over Qwiic/I2C.,Orientation and motion sensing is internal support; this is not a camera or distance-sensing head.,high,"Requires a host board, power, connection and fixed mounting.",21.95,USD,2026-09-29,"ICM-20948 9-axis IMU with Digital Motion Processor, Qwiic/I2C",live_verified,https://www.sparkfun.com/sparkfun-9dof-imu-breakout-icm-20948-qwiic.html,Vendor identifies ICM-20948 motion tracking and Digital Motion Processor on a breakout board.,2026-09-29,https://www.sparkfun.com/media/catalog/product/cache/6b78ac9ed927a3c2db42a3c84dab4ce5/1/5/15335-SparkFun_9DoF_IMU_Breakout_-_ICM-20948__Qwiic_-01b.jpg,https://www.sparkfun.com/sparkfun-9dof-imu-breakout-icm-20948-qwiic.html,2026-09-29,not_found_in_checked_sources,,,,,,,
sparkfun-sen-14722,sparkfun,SparkFun Electronics,"SparkFun Distance Sensor Breakout - 4 Meter, VL53L1X (Qwiic)",SEN-14722,https://www.sparkfun.com/sparkfun-distance-sensor-breakout-4-meter-vl53l1x-qwiic.html,sensors,head,,distance_sensor,module,VL53L1X time-of-flight breakout for optical distance measurement over I2C/Qwiic.,Forward perception can act as a robot eye; housing and head mechanism are separate.,high,"Add host board, power, cable and mounting.",29.95,USD,2026-09-29,"VL53L1X laser ToF distance sensor, up to 4 m, mm precision, I2C/Qwiic",live_verified,https://www.sparkfun.com/sparkfun-distance-sensor-breakout-4-meter-vl53l1x-qwiic.html,Vendor describes laser time-of-flight ranging up to four metres and I2C/Qwiic connectivity.,2026-09-29,https://www.sparkfun.com/media/catalog/product/cache/6b78ac9ed927a3c2db42a3c84dab4ce5/1/4/14722-SparkFun_Distance_Sensor_Breakout-_4_Meter__VL53L1X__Qwiic_-01.jpg,https://www.sparkfun.com/sparkfun-distance-sensor-breakout-4-meter-vl53l1x-qwiic.html,2026-09-29,not_found_in_checked_sources,,,,,,,
sparkfun-sen-15569,sparkfun,SparkFun Electronics,Ultrasonic Distance Sensor - 5V (HC-SR04),SEN-15569,https://www.sparkfun.com/ultrasonic-distance-sensor-hc-sr04.html,sensors,head,,distance_sensor,module,"HC-SR04 ultrasonic module with transmitter, receiver and distance-measurement control circuit.",Obstacle ranging makes this a suggested head/eye component; not an entire head assembly.,high,"Requires 5 V power, host control/wiring and mounting.",5.25,USD,2026-09-29,"HC-SR04 ultrasonic, 5 V, 2 cm–4 m, accuracy up to 3 mm",live_verified,https://www.sparkfun.com/ultrasonic-distance-sensor-hc-sr04.html,"Vendor identifies HC-SR04, ultrasonic transmitter/receiver and non-contact ranging.",2026-09-29,https://www.sparkfun.com/media/catalog/product/cache/6b78ac9ed927a3c2db42a3c84dab4ce5/1/5/15569-Ultrasonic_Distance_Sensor_-_HC-SR04-01a.jpg,https://www.sparkfun.com/ultrasonic-distance-sensor-hc-sr04.html,2026-09-29,not_found_in_checked_sources,,,,,,,
sparkfun-rob-13301,sparkfun,SparkFun Electronics,Shadow Chassis,ROB-13301,https://www.sparkfun.com/shadow-chassis.html,chassis-kits,torso,legs,chassis_frame,kit,Snap-together ABS frame with mounts for robot electronics and drive hardware.,Primarily the structural torso: drive wheels and motors are not in the listed kit. Secondary legs denotes use as the frame of a separately completed wheeled base.,high,"Assembly required. Includes plates, mounts, struts, nub caster and 4xAA holder; add motors, drive wheels, batteries and controller.",14.95,USD,2026-09-29,"Modular ABS robot chassis (RobotZone), Actobotics hub patterns, snap-on controller mounts",live_verified,https://www.sparkfun.com/shadow-chassis.html,"Vendor kit list includes frame pieces, passive nub caster and battery holder; it says to attach your own motors/controller.",2026-09-29,https://www.sparkfun.com/media/catalog/product/cache/6b78ac9ed927a3c2db42a3c84dab4ce5/1/3/13301-Action01.jpg,https://www.sparkfun.com/shadow-chassis.html,2026-09-29,not_found_in_checked_sources,,,,Approximate frame preview based on the listed chassis envelope; no supplier CAD was found. Mounting details are illustrative.,docs/robot-builder/public/models/sparkfun-rob-13301.glb,docs/robot-builder/public/thumbnails/sparkfun-rob-13301.png,
sparkfun-rob-13259,sparkfun,SparkFun Electronics,"Wheel - 65mm (Rubber Tire, Pair)",ROB-13259,https://www.sparkfun.com/wheel-65mm-rubber-tire-pair.html,wheels-mechanical,legs,,wheel,component,Pair of 65 mm rubber-tired wheels for DAGU right-angle gearmotors.,Rolling ground-contact components belong to locomotion; they are unpowered wheels.,high,One catalog unit contains two wheels; motors and frame are separate.,4.50,USD,2026-09-29,"65 mm wheels with rubber tires, pair; fit DAGU right-angle gearmotors",live_verified,https://www.sparkfun.com/wheel-65mm-rubber-tire-pair.html,Vendor states packs of two and fit for DAGU right-angle gearmotors.,2026-09-29,https://www.sparkfun.com/media/catalog/product/cache/6b78ac9ed927a3c2db42a3c84dab4ce5/1/3/13259-Wheel_-_65mm__Rubber_Tire__Pair_-01.jpg,https://www.sparkfun.com/wheel-65mm-rubber-tire-pair.html,2026-09-29,not_found_in_checked_sources,,,,,,,
sparkfun-prt-13855,sparkfun,SparkFun Electronics,Lithium Ion Battery - 2Ah,PRT-13855,https://www.sparkfun.com/lithium-ion-battery-2ah.html,power-batteries,support,,battery,component,Slim rechargeable lithium-ion cell with a JST-PH connection.,"Energy source for internal power support, without a standalone body role.",high,Battery only; needs compatible charging and any voltage regulation required by the robot.,19.41,USD,2026-09-29,"Li-ion 3.7 V, 2000 mAh, slim pack",live_verified,https://www.sparkfun.com/lithium-ion-battery-2ah.html,"Vendor identifies 3.7 V nominal, 2000 mAh, JST-PH connector and onboard protection.",2026-09-29,https://www.sparkfun.com/media/catalog/product/cache/6b78ac9ed927a3c2db42a3c84dab4ce5/1/3/13855-01.jpg,https://www.sparkfun.com/lithium-ion-battery-2ah.html,2026-09-29,not_found_in_checked_sources,,,,,,,
pololu-3036,pololu,Pololu Robotics & Electronics,5:1 Micro Metal Gearmotor HPCB 12V,3036,https://www.pololu.com/product/3036,motors,legs,,dc_gearmotor,component,Miniature brushed DC motor with a 5:1 metal gearbox and 3 mm D-shaped output shaft.,Suggested locomotion actuator only. Its high speed and low reduction do not imply suitability as a load-bearing leg or direct wheel drive.,medium,"Requires motor driver, power, mounting and drivetrain chosen for the load; this SKU has no encoder.",26.45,USD,2026-09-29,"Micro metal gearmotor, 12 V HPCB, ~5:1, 6800 RPM no-load, 0.75 A stall, 3 mm D-shaft",live_verified,https://www.pololu.com/product/3036,"Vendor specifies a 12 V HPCB motor, approximately 5:1 gearing, 6800 RPM no-load and no encoder.",2026-09-29,https://a.pololu-files.com/picture/0J6410.1200x627.jpg?7b215efad0f55f0963d9f951be03d3d1,https://www.pololu.com/product/3036,2026-09-29,downloaded_3d,step|txt,https://www.pololu.com/file/0J2042/Pololu%20Micro%20Metal%20Gearmotor%203D%20(STEP)%20Models.zip,docs/robot-parts-stores/cad/originals/pololu-3036/No Encoder/mmgm-cb.step|docs/robot-parts-stores/cad/originals/pololu-3036/README.txt,Selected No Encoder/mmgm-cb.step from the manufacturer archive. Its README identifies cb as HPCB carbon brushes; this is the standard gearbox body used for ratios other than 1000:1. No encoder or extended rear shaft. Original member bytes retained and CRC32 verified.,docs/robot-builder/public/models/pololu-3036.glb,docs/robot-builder/public/thumbnails/pololu-3036.png,role_medium_confidence
pololu-2818,pololu,Pololu Robotics & Electronics,FEETECH FS90 Micro Servo,2818,https://www.pololu.com/product/2818,servos,arms,head|legs,positional_servo,component,FEETECH FS90 analog micro servo offering limited-range position control.,Suggested arm joint with neck or miniature leg-joint alternatives; the servo is not a complete limb.,medium,"Includes horns and hardware; supply controller, power and links. FS90 is distinct from the continuous-rotation FS90R.",8.40,USD,2026-09-29,"Analog micro servo; at 6 V: 0.10 s/60°, 1.5 kg·cm, 9.0 g; 3.3 V or 5 V signal",live_verified,https://www.pololu.com/product/2818,Vendor describes limited-range closed-loop positioning and explicitly distinguishes FS90 from FS90R.,2026-09-29,https://a.pololu-files.com/picture/0J7332.1200x627.jpg?18ddb319403c33927cf76ac0450a39d4,https://www.pololu.com/product/2818,2026-09-29,not_found_in_checked_sources,,,,,,,role_medium_confidence
pololu-2130,pololu,Pololu Robotics & Electronics,DRV8833 Dual Motor Driver Carrier,2130,https://www.pololu.com/product/2130,motor-drivers,support,,motor_driver,module,DRV8833 dual H-bridge carrier for low-voltage brushed DC motors or a bipolar stepper.,Motor power electronics support other components; no physical limb or drive assembly is supplied.,high,"Add controller, motors, power and wiring; optional current sensing needs extra resistors.",10.95,USD,2026-09-29,"DRV8833 dual H-bridge, 2.7–10.8 V, 1.2 A/channel continuous (2 A peak)",live_verified,https://www.pololu.com/product/2130,Vendor identifies two H-bridges and describes use with two DC motors or one bipolar stepper.,2026-09-29,https://a.pololu-files.com/picture/0J3864.1200x627.jpg?bce5d1eb1a5072fe42924e18d6fb51f7,https://www.pololu.com/product/2130,2026-09-29,downloaded_3d,dxf|step,https://www.pololu.com/file/0J1616/drv8833-dual-motor-driver-carrier-step.step|https://www.pololu.com/file/0J990/md17a-drill.dxf,docs/robot-parts-stores/cad/originals/pololu-2130/drv8833-dual-motor-driver-carrier-step.step|docs/robot-parts-stores/cad/originals/pololu-2130/md17a-drill.dxf,,,,
pololu-2133,pololu,Pololu Robotics & Electronics,"DRV8825 Stepper Motor Driver Carrier, High Current",2133,https://www.pololu.com/product/2133,motor-drivers,support,,motor_driver,module,DRV8825 carrier supplying current-controlled microstepping for a bipolar stepper motor.,"Electrical stepper control is internal support, distinct from a motor or limb.",high,"Header pins included unsoldered; add motor, controller and motor supply, and configure current limit.",15.95,USD,2026-09-29,"DRV8825 bipolar stepper driver, 8.2–45 V, ~1.5 A/phase (2.2 A with cooling), to 1/32 step",live_verified,https://www.pololu.com/product/2133,Vendor identifies microstepping driver board and confirms included unsoldered headers.,2026-09-29,https://a.pololu-files.com/picture/0J4226.1200x627.jpg?a92e8e8b3227558d31d2fa4af96c7d83,https://www.pololu.com/product/2133,2026-09-29,downloaded_3d,dxf|step,https://www.pololu.com/file/0J1226/drv8825-stepper-motor-driver-carrier-high-current.step|https://www.pololu.com/file/0J898/md20b-drill.dxf,docs/robot-parts-stores/cad/originals/pololu-2133/drv8825-stepper-motor-driver-carrier-high-current.step|docs/robot-parts-stores/cad/originals/pololu-2133/md20b-drill.dxf,,,,
pololu-3101,pololu,Pololu Robotics & Electronics,A-Star 32U4 Micro,3101,https://www.pololu.com/product/3101,microcontrollers-sbc,support,,microcontroller,module,Compact ATmega32U4 programmable board with USB and general-purpose I/O.,Provides internal control processing rather than anatomical structure.,high,"Requires application program, external parts and power; USB A-to-Micro-B cable is not included.",19.95,USD,2026-09-29,"ATmega32U4, 18 I/O (6 PWM, 8 analog), Micro-USB, 1″ × 0.6″, Arduino bootloader",live_verified,https://www.pololu.com/product/3101,Vendor identifies ATmega32U4 module with Arduino-compatible bootloader and separately required USB cable.,2026-09-29,https://a.pololu-files.com/picture/0J5274.1200x627.jpg?0f813f12c1654c9a2aaafec3b28b4ebe,https://www.pololu.com/product/3101,2026-09-29,downloaded_3d,dxf|step,https://www.pololu.com/file/0J1336/a-star-32u4-micro.step|https://www.pololu.com/file/0J920/ac01a01-drill.dxf,docs/robot-parts-stores/cad/originals/pololu-3101/a-star-32u4-micro.step|docs/robot-parts-stores/cad/originals/pololu-3101/ac01a01-drill.dxf,,,,
pololu-3544,pololu,Pololu Robotics & Electronics,Romi 32U4 Control Board,3544,https://www.pololu.com/product/3544,microcontrollers-sbc,support,,robot_controller,module,"ATmega32U4 Romi control board integrating motor drivers, power circuitry and inertial sensors.",Control electronics for a separately supplied mobile base; not itself the base or torso.,high,"Romi chassis, batteries and optional Raspberry Pi/LCD are separate; encoder kit is available separately.",74.95,USD,2026-09-29,"ATmega32U4 robot controller with dual motor drivers, inertial sensors, encoder inputs, Pi interface",live_verified,https://www.pololu.com/product/3544,Vendor describes board assembly with Romi chassis and optional external Raspberry Pi/encoders.,2026-09-29,https://a.pololu-files.com/picture/0J7510.1200x627.jpg?a8490645e462f32d88d3932fb0ac743b,https://www.pololu.com/product/3544,2026-09-29,downloaded_3d,dxf|step,https://www.pololu.com/file/0J1262/romi-32u4-control-board.step|https://www.pololu.com/file/0J1260/rom04a-drill.dxf,docs/robot-parts-stores/cad/originals/pololu-3544/romi-32u4-control-board.step|docs/robot-parts-stores/cad/originals/pololu-3544/rom04a-drill.dxf,,,,
pololu-3415,pololu,Pololu Robotics & Electronics,"VL53L1X Time-of-Flight Distance Sensor Carrier with Voltage Regulator, 400cm Max",3415,https://www.pololu.com/product/3415,sensors,head,,distance_sensor,module,VL53L1X optical ranging carrier with regulation and I2C level shifting.,Suggested head perception component; it measures the scene in front and does not include a head shell.,high,"Add controller, power, wiring and mounting; maximum range depends on target and environment.",22.95,USD,2026-09-29,"VL53L1X laser ToF ranging up to 4 m, carrier with voltage regulator",live_verified,https://www.pololu.com/product/3415,"Vendor identifies a laser-ranging breakout, digital I2C readings and up-to-four-metre range.",2026-09-29,https://a.pololu-files.com/picture/0J8677.1200x627.jpg?2ae2631a3cf1133a512eadb1d5501cea,https://www.pololu.com/product/3415,2026-09-29,downloaded_3d,dxf|step,https://www.pololu.com/file/0J1195/vl53l0x-vl53l1x-vl53l3cx-vl53l4cd-carrier-model.step|https://www.pololu.com/file/0J1193/irs11a-drill.dxf,docs/robot-parts-stores/cad/originals/pololu-3415/vl53l0x-vl53l1x-vl53l3cx-vl53l4cd-carrier-model.step|docs/robot-parts-stores/cad/originals/pololu-3415/irs11a-drill.dxf,Manufacturer shares this model across VL53L0X/VL53L1X/VL53L3CX/VL53L4CD carriers.,docs/robot-builder/public/models/pololu-3415.glb,docs/robot-builder/public/thumbnails/pololu-3415.png,
pololu-4148,pololu,Pololu Robotics & Electronics,"QTR-MD-08RC Reflectance Sensor Array: 8-Channel, 8mm Pitch, RC Output",4148,https://www.pololu.com/product/4148,sensors,support,legs,reflectance_sensor,module,Eight-channel infrared reflectance array for detecting nearby surface contrast and lines.,"Primarily navigation sensing support. Optional legs mapping means a floor-facing sensor on the locomotion base, not a wheel, joint or general head camera.",high,"Needs host timing inputs, power and a close-to-surface mount; no chassis or drive parts included.",9.90,USD,2026-09-29,"8-channel IR reflectance (line) sensor array, 8 mm pitch, RC output, 2.9–5.5 V",live_verified,https://www.pololu.com/product/4148,Vendor specifies IR LED/phototransistor pairs for line detection with optimal sensing distance of 5 mm.,2026-09-29,https://a.pololu-files.com/picture/0J9140.1200x627.jpg?5268fddaa79590fe5ed774f530ec69de,https://www.pololu.com/product/4148,2026-09-29,downloaded_3d,dxf|step|zip,https://www.pololu.com/file/0J1551/qtr-qtrx-drill-drawings.zip|https://www.pololu.com/file/0J1553/qtr-qtrx-models.zip,docs/robot-parts-stores/cad/originals/pololu-4148/qtr-qtrx-drill-drawings.zip|docs/robot-parts-stores/cad/extracted/pololu-4148/qtr-qtrx-drill-drawings/irs22a-drill.dxf|docs/robot-parts-stores/cad/extracted/pololu-4148/qtr-qtrx-drill-drawings/irs22j-drill.dxf|docs/robot-parts-stores/cad/extracted/pololu-4148/qtr-qtrx-drill-drawings/irs27a-drill.dxf|docs/robot-parts-stores/cad/extracted/pololu-4148/qtr-qtrx-drill-drawings/irs27j-drill.dxf|docs/robot-parts-stores/cad/extracted/pololu-4148/qtr-qtrx-drill-drawings/irs24a-drill.dxf|docs/robot-parts-stores/cad/extracted/pololu-4148/qtr-qtrx-drill-drawings/irs24j-drill.dxf|docs/robot-parts-stores/cad/extracted/pololu-4148/qtr-qtrx-drill-drawings/irs35j-drill.dxf|docs/robot-parts-stores/cad/extracted/pololu-4148/qtr-qtrx-drill-drawings/irs35a-drill.dxf|docs/robot-parts-stores/cad/extracted/pololu-4148/qtr-qtrx-drill-drawings/irs23a-drill.dxf|docs/robot-parts-stores/cad/extracted/pololu-4148/qtr-qtrx-drill-drawings/irs23j-drill.dxf|docs/robot-parts-stores/cad/extracted/pololu-4148/qtr-qtrx-drill-drawings/irs25a-drill.dxf|docs/robot-parts-stores/cad/extracted/pololu-4148/qtr-qtrx-drill-drawings/irs25j-drill.dxf|docs/robot-parts-stores/cad/extracted/pololu-4148/qtr-qtrx-drill-drawings/irs29a-drill.dxf|docs/robot-parts-stores/cad/extracted/pololu-4148/qtr-qtrx-drill-drawings/irs29j-drill.dxf|docs/robot-parts-stores/cad/extracted/pololu-4148/qtr-qtrx-drill-drawings/irs21a-drill.dxf|docs/robot-parts-stores/cad/extracted/pololu-4148/qtr-qtrx-drill-drawings/irs21b-drill.dxf|docs/robot-parts-stores/cad/extracted/pololu-4148/qtr-qtrx-drill-drawings/irs21j-drill.dxf|docs/robot-parts-stores/cad/extracted/pololu-4148/qtr-qtrx-drill-drawings/irs21k-drill.dxf|docs/robot-parts-stores/cad/extracted/pololu-4148/qtr-qtrx-drill-drawings/irs51a-drill.dxf|docs/robot-parts-stores/cad/extracted/pololu-4148/qtr-qtrx-drill-drawings/irs51j-drill.dxf|docs/robot-parts-stores/cad/extracted/pololu-4148/qtr-qtrx-drill-drawings/irs26a-drill.dxf|docs/robot-parts-stores/cad/extracted/pololu-4148/qtr-qtrx-drill-drawings/irs26j-drill.dxf|docs/robot-parts-stores/cad/extracted/pololu-4148/qtr-qtrx-drill-drawings/irs31a-drill.dxf|docs/robot-parts-stores/cad/extracted/pololu-4148/qtr-qtrx-drill-drawings/irs31j-drill.dxf|docs/robot-parts-stores/cad/extracted/pololu-4148/qtr-qtrx-drill-drawings/irs51d-drill.dxf|docs/robot-parts-stores/cad/extracted/pololu-4148/qtr-qtrx-drill-drawings/irs51m-drill.dxf|docs/robot-parts-stores/cad/extracted/pololu-4148/qtr-qtrx-drill-drawings/irs33a-drill.dxf|docs/robot-parts-stores/cad/extracted/pololu-4148/qtr-qtrx-drill-drawings/irs33j-drill.dxf|docs/robot-parts-stores/cad/extracted/pololu-4148/qtr-qtrx-drill-drawings/irs45a-drill.dxf|docs/robot-parts-stores/cad/extracted/pololu-4148/qtr-qtrx-drill-drawings/irs45d-drill.dxf|docs/robot-parts-stores/cad/extracted/pololu-4148/qtr-qtrx-drill-drawings/irs45j-drill.dxf|docs/robot-parts-stores/cad/extracted/pololu-4148/qtr-qtrx-drill-drawings/irs45m-drill.dxf|docs/robot-parts-stores/cad/extracted/pololu-4148/qtr-qtrx-drill-drawings/irs21c-drill.dxf|docs/robot-parts-stores/cad/extracted/pololu-4148/qtr-qtrx-drill-drawings/irs21m-drill.dxf|docs/robot-parts-stores/cad/originals/pololu-4148/qtr-md-08x.step,"Selected qtr-md-08x.step from the manufacturer archive linked by this product; QTR medium-density, eight-channel shared geometry. Original member bytes retained and CRC32 verified. The x filename does not distinguish analog from RC output.",,,
pololu-3500,pololu,Pololu Robotics & Electronics,Romi Chassis Kit - Black,3500,https://www.pololu.com/product/3500,chassis-kits,legs,torso,mobile_base,kit,"Differential-drive chassis kit with two gearmotors, two wheels, one ball caster and battery contacts.",Locomotion assembly belongs to legs; its load-carrying chassis offers a secondary torso use for lenient visual combinations.,high,"Assembly, six AA batteries and motor-control electronics required. Optional second front caster and robot arm are not included.",39.95,USD,2026-09-29,"Romi chassis kit: 2 motors, 2 wheels, ball caster, battery contacts",live_verified,https://www.pololu.com/product/3500,Vendor lists mechanical kit contents and separately required batteries/electronics; only one caster is included.,2026-09-29,https://a.pololu-files.com/picture/0J7260.1200x627.jpg?7a7be3ece5b2d0ae05a7c78b6c0770d6,https://www.pololu.com/product/3500,2026-09-29,downloaded_3d,dxf|step,https://www.pololu.com/file/0J1199/romi-chassis.dxf|https://www.pololu.com/file/0J1298/romi-chassis-kit.step,docs/robot-parts-stores/cad/originals/pololu-3500/romi-chassis.dxf|docs/robot-parts-stores/cad/originals/pololu-3500/romi-chassis-kit.step,Manufacturer says the assembly model includes an extra front ball caster sold separately from the kit.,docs/robot-builder/public/models/pololu-3500.glb,docs/robot-builder/public/thumbnails/pololu-3500.png,
pololu-3690,pololu,Pololu Robotics & Electronics,"Pololu Multi-Hub Wheel w/Inserts for 3mm and 4mm Shafts - 80×10mm, Black, 2-Pack",3690,https://www.pololu.com/product/3690,wheels-mechanical,legs,,wheel,kit,Pair of 80 mm silicone-tired wheels with interchangeable shaft-gripping collets.,Rolling locomotion components; motors and a robot base are not supplied.,high,Two wheel assemblies per catalog unit with inserts and fasteners; assemble collets for the chosen shaft.,11.95,USD,2026-09-29,"80 × 10 mm wheels, silicone tires, collets for 3/4 mm D and round shafts, 2-pack",live_verified,https://www.pololu.com/product/3690,"Vendor lists a pair of wheels and inserts for 3/4 mm round or D-shaped shafts, with hardware.",2026-09-29,https://a.pololu-files.com/picture/0J8851.1200x627.jpg?6da0cb7285eb89474297a2e64cc8a102,https://www.pololu.com/product/3690,2026-09-29,not_found_in_checked_sources,,,,,,,
pololu-954,pololu,Pololu Robotics & Electronics,Pololu Ball Caster with 3/4″ Plastic Ball,954,https://www.pololu.com/product/954,wheels-mechanical,legs,,caster,kit,Passive ball-caster kit providing a rolling support point for a small robot.,Unpowered ground-contact support belongs to locomotion; it cannot drive the robot by itself.,high,"Includes housing, ball, rollers, spacers and mounting hardware; attach to a chassis with separate powered wheels.",5.49,USD,2026-09-29,"Ball caster with 3/4″ plastic ball, 0.9″–1.2″ height via spacers",live_verified,https://www.pololu.com/product/954,"Vendor kit description lists ball, housing, spacers and hardware and identifies small-robot use.",2026-09-29,https://a.pololu-files.com/picture/0J9806.1200x627.jpg?c622b71808584ef310bec12450f2f8b3,https://www.pololu.com/product/954,2026-09-29,downloaded_3d,step,https://www.pololu.com/file/0J1643/pololu-ball-caster-with-0-750in-plastic-ball.step,docs/robot-parts-stores/cad/originals/pololu-954/pololu-ball-caster-with-0-750in-plastic-ball.step,,,,
pololu-2831,pololu,Pololu Robotics & Electronics,"Pololu 5V, 1A Step-Down Voltage Regulator D24V10F5",2831,https://www.pololu.com/product/2831,power-batteries,support,,voltage_regulator,module,Buck-regulator board converting a higher supply voltage to regulated 5 V.,"Internal power-conditioning electronics; not a battery, limb or structural part.",high,Requires input power and wiring; available output current depends on voltage and heat dissipation.,12.95,USD,2026-09-29,"Step-down regulator, 5 V out, 1 A, 5.1–36 V in",live_verified,https://www.pololu.com/product/2831,"Vendor identifies D24V10F5 as a 5 V step-down regulator, with typical maximum output of 1 A.",2026-09-29,https://a.pololu-files.com/picture/0J6002.1200x627.jpg?f14365599f7afb5d22a84d245c638ad3,https://www.pololu.com/product/2831,2026-09-29,downloaded_3d,dxf|step,https://www.pololu.com/file/0J1375/pololu-1a-step-down-voltage-regulator-d24v10fx.step|https://www.pololu.com/file/0J1027/reg17a01-drill.dxf,docs/robot-parts-stores/cad/originals/pololu-2831/pololu-1a-step-down-voltage-regulator-d24v10fx.step|docs/robot-parts-stores/cad/originals/pololu-2831/reg17a01-drill.dxf,Manufacturer model covers D24V10Fx family; verify selected output variant.,,,
servocity-5203-2402-0019,servocity,ServoCity,"5203 Series Yellow Jacket Planetary Gear Motor (19.2:1 Ratio, 24mm Length 8mm REX® Shaft, 312 RPM, 3.3 - 5V Encoder)",5203-2402-0019,https://www.servocity.com/5203-series-yellow-jacket-planetary-gear-motor-19-2-1-ratio-24mm-length-8mm-rex-shaft-312-rpm-3-3-5v-encoder/,motors,legs,arms,dc_gearmotor,component,Brushed planetary gearmotor with quadrature encoder for powered mechanisms.,Drive torque makes it a locomotion actuator; optional arm use needs an engineered transmission and feedback control.,high,"One gearmotor with encoder; wheel, motor driver, power and structure are separate.",54.99,USD,2026-09-29,"12 VDC planetary gearmotor, 19.2:1, 312 RPM, 24.3 kg·cm (338 oz-in) stall, 8 mm REX shaft, encoder",live_verified,https://www.servocity.com/5203-series-yellow-jacket-planetary-gear-motor-19-2-1-ratio-24mm-length-8mm-rex-shaft-312-rpm-3-3-5v-encoder/,"Specs identify brushed DC, planetary reduction, output shaft and magnetic quadrature encoder.",2026-09-29,https://cdn11.bigcommerce.com/s-f6vfspkkjf/products/3916/images/24000/5203-2402-0019__86310.1746574725.386.513.jpg?c=1,https://www.servocity.com/5203-series-yellow-jacket-planetary-gear-motor-19-2-1-ratio-24mm-length-8mm-rex-shaft-312-rpm-3-3-5v-encoder/,2026-09-29,downloaded_3d,step|zip,https://www.servocity.com/content/step_files/5203-2402-0019.zip,docs/robot-parts-stores/cad/originals/servocity-5203-2402-0019/5203-2402-0019.zip|docs/robot-parts-stores/cad/extracted/servocity-5203-2402-0019/5203-2402-0019/5203-2402-0019 assembly/5203-2402-0019 assembly.STEP,,,,
servocity-638114,servocity,ServoCity,"Premium N20 Gear Motor (210:1 Ratio, 130 RPM)",638114,https://www.servocity.com/130-rpm-micro-gear-motor/,motors,legs,arms,dc_gearmotor,component,N20 brushed gearmotor with metal spur reduction.,"Suggested as a compact wheel-drive component; an arm joint is an alternative mechanism, not supplied.",high,"One gearmotor; wheels, mounts, driver and controller are additional.",12.99,USD,2026-09-29,"N20 micro gearmotor, 210:1 ratio, 130 RPM",live_verified,https://www.servocity.com/130-rpm-micro-gear-motor/,"Specs identify brushed DC operation, D-shaft, metal gearing and 210:1 ratio.",2026-09-29,https://cdn11.bigcommerce.com/s-f6vfspkkjf/products/1889/images/20597/638114__72405.1710884240.386.513.jpg?c=1,https://www.servocity.com/130-rpm-micro-gear-motor/,2026-09-29,not_found_in_checked_sources,,,,,,,
servocity-2002-0180-0002,servocity,ServoCity,"Proton Servo (Steel Gears, 180° Rotation, Torque Ratio)",2002-0180-0002,https://www.servocity.com/proton-servo-steel-gears-180-rotation-torque-ratio/,servos,arms,head|legs,positional_servo,component,Standard positional servo with steel gears and H25T output spline.,Angular positioning suits a joint or gripper drive; head or leg use is an alternative only after load and mounting checks.,medium,"One torque-ratio servo; arm links, gripper structure and control electronics are separate.",17.99,USD,2026-09-29,"Standard-size servo, steel gears, 180°, 75 oz-in (5.40 kg·cm) stall at 6 V",live_verified,https://www.servocity.com/proton-servo-steel-gears-180-rotation-torque-ratio/|https://www.gobilda.com/proton-servo-steel-gears-180-rotation-torque-ratio/,"Manufacturer goBILDA product description and specs confirm torque variant, PWM travel and position feedback after initial ServoCity fetch failed.",2026-09-29,https://cdn11.bigcommerce.com/s-f6vfspkkjf/products/4779/images/20339/2002-0180-0002-Ang1__05488__86804__24943.1707747445.386.513.jpg?c=1,https://www.servocity.com/proton-servo-steel-gears-180-rotation-torque-ratio/,2026-09-29,downloaded_3d,step|zip,https://www.servocity.com/content/step_files/2002-0180-0002.zip,docs/robot-parts-stores/cad/originals/servocity-2002-0180-0002/2002-0180-0002.zip|docs/robot-parts-stores/cad/extracted/servocity-2002-0180-0002/2002-0180-0002/2002-0180-0002.step,,docs/robot-builder/public/models/servocity-2002-0180-0002.glb,docs/robot-builder/public/thumbnails/servocity-2002-0180-0002.png,role_medium_confidence
servocity-2003-0180-0001,servocity,ServoCity,"Daryl (Nylon Gears, 180° Rotation, 0.15s/60°, 53 oz-in)",2003-0180-0001,https://www.servocity.com/daryl-nylon-gears-180-rotation-0-15s-60-53-oz-in/,servos,arms,head|legs,positional_servo,component,Standard hobby servo providing controlled angular movement with nylon gears.,Suggested joint actuator for an arm; can move a light head or leg mechanism but is not an assembled limb.,medium,"One servo; structural links, mount, power and signal source are separate.",9.99,USD,2026-09-29,"Budget servo, nylon gears, 180°, 0.15 s/60°, 53 oz-in",live_verified,https://www.servocity.com/daryl-nylon-gears-180-rotation-0-15s-60-53-oz-in/,"Product description lists nylon gearing, H25T spline and servo rotation.",2026-09-29,https://cdn11.bigcommerce.com/s-f6vfspkkjf/products/4776/images/20312/2003-0180-0001-Ang1__41551__90044.1706289046.386.513.jpg?c=1,https://www.servocity.com/daryl-nylon-gears-180-rotation-0-15s-60-53-oz-in/,2026-09-29,downloaded_3d,step|zip,https://www.servocity.com/content/step_files/2003-0180-0001.zip,docs/robot-parts-stores/cad/originals/servocity-2003-0180-0001/2003-0180-0001.zip|docs/robot-parts-stores/cad/extracted/servocity-2003-0180-0001/2003-0180-0001/2003-0180-0001.step,,,,role_medium_confidence
servocity-3105-0101-0020,servocity,ServoCity,1x20A Motor Controller (9-30V Input),3105-0101-0020,https://www.servocity.com/1x20a-motor-controller/,motor-drivers,support,,motor_driver,module,Controls speed and direction of one brushed DC motor using a PWM input.,Motor-control electronics support motion without supplying a mechanical limb.,high,"Single-channel controller with included mounting hardware; motor, battery and signal source are separate.",39.99,USD,2026-09-29,"Single brushed DC ESC, 9–30 V in, 20 A continuous (30 A burst), R/C input, 6 V BEC",live_verified,https://www.servocity.com/1x20a-motor-controller/,"Wiring instructions identify separate motor, battery and receiver connections and a built-in BEC.",2026-09-29,https://cdn11.bigcommerce.com/s-f6vfspkkjf/products/5161/images/23972/Ang1__24267__01698.1746127275.386.513.jpg?c=1,https://www.servocity.com/1x20a-motor-controller/,2026-09-29,downloaded_3d,step|zip,https://www.servocity.com/content/step_files/3105-0101-0020.zip,docs/robot-parts-stores/cad/originals/servocity-3105-0101-0020/3105-0101-0020.zip|docs/robot-parts-stores/cad/extracted/servocity-3105-0101-0020/3105-0101-0020/3105-0101-0020.step,,,,
servocity-imc404,servocity,ServoCity,Roboclaw 2x7A Motor Controller,IMC404,https://www.servocity.com/roboclaw-2x7a-motor-controller/,motor-drivers,support,,motor_driver,module,Dual brushed-motor controller supporting encoder feedback and multiple control interfaces.,Electronics drive actuators; the board is not an arm or leg assembly.,high,"Controller only; motors, encoders where needed, power and host control are separate.",79.99,USD,2026-09-29,"Dual brushed DC, 7.5 A continuous (15 A peak) per channel, USB/RC/serial/analog, dual encoder inputs",live_verified,https://www.servocity.com/roboclaw-2x7a-motor-controller/,Description confirms two brushed DC channels and closed-loop encoder control.,2026-09-29,https://cdn11.bigcommerce.com/s-f6vfspkkjf/products/1455/images/30084/jFUH05YwX0hs0O6L15rPlmuMWhtIEneyh3lmnu79FSF3fZNSlFEP4AV39VgW77wr__79548.1773181357.386.513.jpg?c=1,https://www.servocity.com/roboclaw-2x7a-motor-controller/,2026-09-29,not_found_in_checked_sources,,,,,,,
servocity-3114-0001-0001,servocity,ServoCity,Pololu A-Star 32U4 Prime SV,3114-0001-0001,https://www.servocity.com/pololu-a-star-32u4-prime-sv/,microcontrollers-sbc,support,,microcontroller,module,ATmega32U4 programmable board in an Arduino-style form factor.,Internal computation and GPIO belong to support; mounting in a torso does not make it a structural torso.,high,Board with female headers and no microSD support in this configuration; actuators and sensors separate.,39.99,USD,2026-09-29,"ATmega32U4 in Arduino form factor, 5–36 V input (no microSD)",live_verified,https://www.servocity.com/pololu-a-star-32u4-prime-sv/,"Product description explicitly identifies the MCU, Arduino form factor and configuration without microSD.",2026-09-29,https://cdn11.bigcommerce.com/s-f6vfspkkjf/products/2811/images/10484/3114-0001-0001__17077__19152.1701976287.386.513.jpg?c=1,https://www.servocity.com/pololu-a-star-32u4-prime-sv/,2026-09-29,downloaded_3d,step|zip,https://www.servocity.com/content/step_files/3114-0001-0001.zip,docs/robot-parts-stores/cad/originals/servocity-3114-0001-0001/3114-0001-0001.zip|docs/robot-parts-stores/cad/extracted/servocity-3114-0001-0001/3114-0001-0001/a-star-32u4-prime-sv.step,,,,
servocity-3124-0001-0001,servocity,ServoCity,"Laser Distance Sensor (1m Range, 3.3-5V, Digital or Analog Output)",3124-0001-0001,https://www.servocity.com/laser-distance-sensor-1m-range-3-3-5v-digital-or-analog-output/,sensors,head,,distance_sensor,module,Laser time-of-flight ranging module with analog distance or digital threshold output.,Perception suggests a head sensor; it does not include a mechanical head.,high,"Sensor, listed mounting hardware and adapter cable; host controller and head mount separate.",29.99,USD,2026-09-29,"Laser time-of-flight distance sensor, up to 1 m, 3.3–5 V, digital or analog output",live_verified,https://www.servocity.com/laser-distance-sensor-1m-range-3-3-5v-digital-or-analog-output/,Description explains reflected-laser timing and analog/digital modes; included hardware and wiring are listed.,2026-09-29,https://cdn11.bigcommerce.com/s-f6vfspkkjf/products/5239/images/25377/Ang1_3__12971__25064.1761832290.386.513.jpg?c=1,https://www.servocity.com/laser-distance-sensor-1m-range-3-3-5v-digital-or-analog-output/,2026-09-29,downloaded_3d,step|zip,https://www.servocity.com/content/step_files/3124-0001-0001.zip,docs/robot-parts-stores/cad/originals/servocity-3124-0001-0001/3124-0001-0001.zip|docs/robot-parts-stores/cad/extracted/servocity-3124-0001-0001/3124-0001-0001/3124-0001-0001.step,,,,
servocity-3209-0001-0007,servocity,ServoCity,Strafer® Chassis Kit (104mm GripForce™ Mecanum Wheels),3209-0001-0007,https://www.servocity.com/strafer-chassis-kit-104mm-gripforce-mecanum-wheels/,chassis-kits,legs,,mobile_base,kit,Mecanum locomotion chassis kit with four planetary gearmotors and four 104 mm wheels.,A powered drive base supplies the movement role represented by legs in the builder.,high,"Assembly required; BOM includes chassis structure, drivetrain, wheels, wiring and tools, not a battery or motor controller.",699.99,USD,2026-09-29,"Mecanum drive chassis kit, 312 RPM planetary motors, 104 mm GripForce mecanum wheels",live_verified,https://www.servocity.com/strafer-chassis-kit-104mm-gripforce-mecanum-wheels/,"Product description and BOM list four motors, mecanum wheels and channel-frame parts.",2026-09-29,https://cdn11.bigcommerce.com/s-f6vfspkkjf/products/4941/images/22513/Ang1__74321__33080.1725900609.386.513.jpg?c=1,https://www.servocity.com/strafer-chassis-kit-104mm-gripforce-mecanum-wheels/,2026-09-29,downloaded_3d,step|zip,https://www.servocity.com/content/step_files/3209-0001-0007.zip,docs/robot-parts-stores/cad/originals/servocity-3209-0001-0007/3209-0001-0007.zip|docs/robot-parts-stores/cad/extracted/servocity-3209-0001-0007/3209-0001-0007/3209-0001-0007.step,,,,
servocity-3624-0014-0096,servocity,ServoCity,"96mm Omni Wheel (14mm Bore, 50A Durometer)",3624-0014-0096,https://www.servocity.com/96mm-omni-wheel-14mm-bore-50a-durometer/,wheels-mechanical,legs,,wheel,component,Omni wheel with lateral rollers for holonomic robot drivetrains.,"Ground-contact wheel is a locomotion component, not an articulated leg.",high,"One 96 mm omni wheel; hub, drive motor, chassis and electronics are separate.",21.99,USD,2026-09-29,"96 mm omni wheel, 14 mm bore, 50A-durometer rollers",live_verified,https://www.servocity.com/96mm-omni-wheel-14mm-bore-50a-durometer/,Description explains lateral rolling and a 14 mm center hole with mounting patterns.,2026-09-29,https://cdn11.bigcommerce.com/s-f6vfspkkjf/products/4973/images/22705/Ang1__70226.1728660554.386.513.jpg?c=1,https://www.servocity.com/96mm-omni-wheel-14mm-bore-50a-durometer/,2026-09-29,downloaded_3d,step|zip,https://www.servocity.com/content/step_files/3624-0014-0096.zip,docs/robot-parts-stores/cad/originals/servocity-3624-0014-0096/3624-0014-0096.zip|docs/robot-parts-stores/cad/extracted/servocity-3624-0014-0096/3624-0014-0096/3624-0014-0096.step,,,,
servocity-3213-3606-0002,servocity,ServoCity,96mm Mecanum Wheel Set (70A Durometer Bearing Supported Rollers),3213-3606-0002,https://www.servocity.com/96mm-mecanum-wheel-set-70a-durometer-bearing-supported-rollers/,wheels-mechanical,legs,,wheel,kit,Set of 96 mm mecanum wheels for omnidirectional ground movement.,Wheel set is part of locomotion; it does not include a complete powered base.,high,"Wheel set; motors, chassis, hubs and controller must be supplied separately.",169.99,USD,2026-09-29,"96 mm goBILDA mecanum wheel set, 70A bearing-supported rollers",live_verified,https://www.servocity.com/96mm-mecanum-wheel-set-70a-durometer-bearing-supported-rollers/,Product identifies a mecanum wheel set and describes coordinated operation of four wheels.,2026-09-29,https://cdn11.bigcommerce.com/s-f6vfspkkjf/products/2796/images/30081/8pH5Ets5K0RKzVeZJru2bA4G0iQKOpyGbKSqCruxymhoDhM4nChyDaR46Kn2UVOs__71381.1773181354.386.513.jpg?c=1,https://www.servocity.com/96mm-mecanum-wheel-set-70a-durometer-bearing-supported-rollers/,2026-09-29,downloaded_3d,step|zip,https://www.servocity.com/content/step_files/3213-3606-0002.zip,docs/robot-parts-stores/cad/originals/servocity-3213-3606-0002/3213-3606-0002.zip|docs/robot-parts-stores/cad/extracted/servocity-3213-3606-0002/3213-3606-0002/3213-3606-0002/3606-0000-0096 assembly.STEP|docs/robot-parts-stores/cad/extracted/servocity-3213-3606-0002/3213-3606-0002/3213-3606-0002/3606-0000-0096 joined.STEP|docs/robot-parts-stores/cad/extracted/servocity-3213-3606-0002/3213-3606-0002/3213-3606-0002/3606-0100-0096 assembly.STEP|docs/robot-parts-stores/cad/extracted/servocity-3213-3606-0002/3213-3606-0002/3213-3606-0002/3606-0100-0096 joined.STEP,,,,
servocity-3100-0012-0020,servocity,ServoCity,"12V NiMH Nested Battery (3000mAh, MH-FC XT30 Connector)",3100-0012-0020,https://www.servocity.com/12v-nimh-nested-battery-3000mah-mh-fc-xt30-connector/,power-batteries,support,,battery,component,Rechargeable 12 V NiMH battery pack with XT30 connection.,Energy storage supports every body role; it is not a structural torso.,high,Battery pack; charger and battery mount are listed separately.,64.99,USD,2026-09-29,"12 V NiMH, 3000 mAh, nested form factor, XT30 (MH-FC) connector",live_verified,https://www.servocity.com/12v-nimh-nested-battery-3000mah-mh-fc-xt30-connector/,Specs confirm NiMH chemistry and capacity; description explains placement inside channel structure.,2026-09-29,https://cdn11.bigcommerce.com/s-f6vfspkkjf/products/2853/images/30049/gELU2PCUguKHlHwDPblvr41GrnspwPLS9VLVTLPRSSS9DMHbBmez84eii2DBsLS8__05379.1773181315.386.513.jpg?c=1,https://www.servocity.com/12v-nimh-nested-battery-3000mah-mh-fc-xt30-connector/,2026-09-29,downloaded_3d,step|zip,https://www.servocity.com/content/step_files/3100-0012-0020.zip,docs/robot-parts-stores/cad/originals/servocity-3100-0012-0020/3100-0012-0020.zip|docs/robot-parts-stores/cad/extracted/servocity-3100-0012-0020/3100-0012-0020/3100-0012-0020.STEP,,,,
seeed-108990003,seeed,Seeed Studio,Small Size and High Torque Stepper Motor - 24BYJ48,108990003,https://www.seeedstudio.com/Small-Size-and-High-Torque-Stepper-Motor-24BYJ48-p-1922.html,motors,arms,head|legs,stepper_motor,component,Compact geared stepper motor for controlled mechanical positioning.,"A generic positioning actuator can drive a small joint; anatomical assignment is a builder suggestion, not a vendor-designated limb.",medium,"One motor; driver, controller, mounting and link structure are additional.",4.90,USD,2026-09-29,"24BYJ48 stepper, 5 V DC, 2-phase, 1/32 gear ratio, 5.625°/32 step angle",live_verified,https://www.seeedstudio.com/Small-Size-and-High-Torque-Stepper-Motor-24BYJ48-p-1922.html,"Product identifies 24BYJ48 stepper and cites louvers, small fans and curtains as applications.",2026-09-29,https://media-cdn.seeedstudio.com/media/catalog/product/cache/7f7f32ef807b8c2c2215b49801c56084/p/e/perspective_3_6.jpg,https://www.seeedstudio.com/Small-Size-and-High-Torque-Stepper-Motor-24BYJ48-p-1922.html,2026-09-29,not_found_in_checked_sources,,,,,,,role_medium_confidence
seeed-316010005,seeed,Seeed Studio,Grove - Servo,316010005,https://www.seeedstudio.com/Grove-Servo.html,servos,arms,head|legs,positional_servo,component,Angular-position servo supplied with a Grove connector.,Positional actuation suggests an arm joint; alternative light head or leg joints need structure and load checks.,medium,Servo with Grove connection; robot links and controller are not a completed limb in this product.,6.99,USD,2026-09-29,"Hobby servo with Grove connector, 4.8–6.0 V (5 V typical)",live_verified,https://www.seeedstudio.com/Grove-Servo.html,Description identifies rotary position control and the Grove-standard three-wire servo connector.,2026-09-29,https://media-cdn.seeedstudio.com/media/catalog/product/cache/7f7f32ef807b8c2c2215b49801c56084/h/t/httpsstatics3.seeedstudio.comseeedimg2016-06rjmxymiq9lqxkkxxwg6udxfm.jpg,https://www.seeedstudio.com/Grove-Servo.html,2026-09-29,not_found_in_checked_sources,,,,,,,role_medium_confidence
seeed-108090003,seeed,Seeed Studio,Feetech ST3215-C047 12V 30Kg Servo,108090003,https://www.seeedstudio.com/STS3215-30KG-Serial-Servo-p-6340.html,servos,arms,legs|head,smart_servo,component,Serial-bus smart servo with metal gearbox and magnetic angle sensing.,Joint actuator is suitable for manipulation; alternate leg/head roles need mounts and engineering checks.,medium,"One ST3215-C047 servo; complete arm structure, power and adapter/control system are separate.",23.99,USD,2026-09-29,"12 V serial bus servo, 1:345 metal gearbox, 12-bit magnetic encoder, 30 kg·cm stall",live_verified,https://www.seeedstudio.com/STS3215-30KG-Serial-Servo-p-6340.html,"Description identifies serial bus, angle encoder and use in SO-ARM101.",2026-09-29,https://media-cdn.seeedstudio.com/media/catalog/product/cache/7f7f32ef807b8c2c2215b49801c56084/0/-/0-101090142-feetech-st-3215-c046-standard-torque-servo_2.jpg,https://www.seeedstudio.com/STS3215-30KG-Serial-Servo-p-6340.html,2026-09-29,not_found_in_checked_sources,,,,,,,role_medium_confidence
seeed-108020103,seeed,Seeed Studio,Grove - I2C Motor Driver (TB6612FNG),108020103,https://www.seeedstudio.com/Grove-I2C-Motor-Driver-TB6612FNG-p-3220.html,motor-drivers,support,,motor_driver,module,Grove I2C driver board for DC or stepper motors.,Control electronics support moving parts but are not a physical limb.,high,"Motor-driver module; motors, power and host controller separate.",10.98,USD,2026-09-29,"TB6612FNG: 2 DC motors or 1 stepper up to 12 V / 1.2 A, Grove I2C",live_verified,https://www.seeedstudio.com/Grove-I2C-Motor-Driver-TB6612FNG-p-3220.html,Product identifies the TB6612FNG motor-driver board and DC/stepper use.,2026-09-29,https://media-cdn.seeedstudio.com/media/catalog/product/cache/7f7f32ef807b8c2c2215b49801c56084/h/t/httpsstatics3.seeedstudio.comseeedfile2018-11bazaar995164_perspective.jpg,https://www.seeedstudio.com/Grove-I2C-Motor-Driver-TB6612FNG-p-3220.html,2026-09-29,not_found_in_checked_sources,,,,,,,
seeed-113991114,seeed,Seeed Studio,Seeed Studio XIAO ESP32-S3,113991114,https://www.seeedstudio.com/XIAO-ESP32S3-p-5627.html,microcontrollers-sbc,support,,microcontroller,module,Compact ESP32-S3 development board with wireless connectivity.,"Programmable control and communications are support functions, regardless of where the board is mounted.",high,"XIAO ESP32-S3 board SKU; expansion boards, sensing modules and actuators separate.",7.49,USD,2026-09-29,"240 MHz dual-core Xtensa LX7, Wi-Fi + BLE 5.0, thumb-sized",live_verified,https://www.seeedstudio.com/XIAO-ESP32S3-p-5627.html,Product description names the ESP32-S3 processor and Wi-Fi/BLE connectivity.,2026-09-29,https://media-cdn.seeedstudio.com/media/catalog/product/cache/7f7f32ef807b8c2c2215b49801c56084/1/-/1-113991114-xiao-esp32s3-font_1.jpg,https://www.seeedstudio.com/XIAO-ESP32S3-p-5627.html,2026-09-29,downloaded_3d,step|zip,https://files.seeedstudio.com/wiki/SeeedStudio-XIAO-ESP32S3/res/seeed-studio-xiao-esp32s3-3d_model.zip,docs/robot-parts-stores/cad/originals/seeed-113991114/seeed-studio-xiao-esp32s3-3d_model.zip|docs/robot-parts-stores/cad/extracted/seeed-113991114/seeed-studio-xiao-esp32s3-3d_model/XIAO-ESP32S3 v2.step,Official ZIP model is named XIAO-ESP32S3 v2; verify against board revision.,,,
seeed-102110919,seeed,Seeed Studio,Raspberry Pi 5 8GB,102110919,https://www.seeedstudio.com/Raspberry-Pi-5-8GB-p-5810.html,microcontrollers-sbc,support,,single_board_computer,module,Raspberry Pi 5 single-board computer with 8 GB memory.,Computation belongs to internal support rather than a structural head or torso.,high,"Computer board variant; enclosure, camera, power and storage are separate selections.",175.00,USD,2026-09-29,"2.4 GHz 64-bit quad-core Arm, 800 MHz VideoCore VII GPU, 8 GB RAM",live_verified,https://www.seeedstudio.com/Raspberry-Pi-5-8GB-p-5810.html,Product identifies the 8 GB Pi 5 board; page distinguishes board from starter-kit choices.,2026-09-29,https://media-cdn.seeedstudio.com/media/catalog/product/cache/7f7f32ef807b8c2c2215b49801c56084/1/-/1-102110919-raspberry-pi-5-8gb-45font.jpg,https://www.seeedstudio.com/Raspberry-Pi-5-8GB-p-5810.html,2026-09-29,downloaded_3d,step|txt|zip,https://pip.raspberrypi.com/documents/RP-010083-CA,docs/robot-parts-stores/cad/originals/seeed-102110919/Raspberry-Pi-5-STEP.zip|docs/robot-parts-stores/cad/extracted/seeed-102110919/Raspberry-Pi-5-STEP/rpi-5b_no_graphics.step|docs/robot-parts-stores/cad/extracted/seeed-102110919/Raspberry-Pi-5-STEP/LICENSE.txt,Official Raspberry Pi 5 board model without silkscreen; memory capacity variant is not specified.,,,
seeed-101020010,seeed,Seeed Studio,Grove - Ultrasonic Distance Sensor,101020010,https://www.seeedstudio.com/Grove-Ultrasonic-Distance-Sensor.html,sensors,head,,distance_sensor,module,Ultrasonic module measures distance to nearby objects.,Environment perception suggests a head sensor; no mechanical head is included.,high,"Sensor module; controller, wiring integration and mounting required.",4.99,USD,2026-09-29,"Ultrasonic ranging 3–350 cm, trigger and echo on a single GPIO, Grove",live_verified,https://www.seeedstudio.com/Grove-Ultrasonic-Distance-Sensor.html,Description identifies ultrasonic ranging and robot obstacle avoidance.,2026-09-29,https://media-cdn.seeedstudio.com/media/catalog/product/cache/7f7f32ef807b8c2c2215b49801c56084/g/r/grove---ultrasonic-distance-sensor-preview_1.png,https://www.seeedstudio.com/Grove-Ultrasonic-Distance-Sensor.html,2026-09-29,not_found_in_checked_sources,,,,,,,
seeed-101020585,seeed,Seeed Studio,Grove - IMU 9DOF (ICM20600+AK09918),101020585,https://www.seeedstudio.com/Grove-IMU-9DOF-ICM20600-AK09918.html,sensors,support,,imu,module,"IMU combines angular-motion, acceleration and magnetic-field sensing.",Self-orientation and motion feedback support the body; it is not an outward-looking head sensor.,high,Grove sensor module; host processor and mounting required.,11.25,USD,2026-09-29,"9-DoF IMU: ICM20600 gyro/accelerometer + AK09918 compass, Grove",live_verified,https://www.seeedstudio.com/Grove-IMU-9DOF-ICM20600-AK09918.html|https://wiki.seeedstudio.com/Grove-IMU_9DOF-lcm20600%2BAK09918/,"Official wiki explains gyro, accelerometer and compass functions after storefront fetch failed.",2026-09-29,https://media-cdn.seeedstudio.com/media/catalog/product/cache/7f7f32ef807b8c2c2215b49801c56084/h/t/httpsstatics3.seeedstudio.comseeedfile2018-09bazaar930646_das5892.jpg,https://www.seeedstudio.com/Grove-IMU-9DOF-ICM20600-AK09918.html,2026-09-29,not_found_in_checked_sources,,,,,,,
seeed-101020532,seeed,Seeed Studio,"Grove - Time of Flight Distance Sensor(VL53L0X) - (ToF) laser-ranging module,Long Range Precision ranging",101020532,https://www.seeedstudio.com/Grove-Time-of-Flight-Distance-Sensor-VL53L0X.html,sensors,head,,distance_sensor,module,VL53L0X time-of-flight module provides optical distance measurements.,"Environment ranging fits the head perception role, without constituting a complete head.",high,Sensor board; host controller and physical mount separate.,7.99,USD,2026-09-29,"VL53L0X laser time-of-flight distance sensor, Grove",live_verified,https://www.seeedstudio.com/Grove-Time-of-Flight-Distance-Sensor-VL53L0X.html,Product description identifies VL53L0X-based ToF ranging.,2026-09-29,https://media-cdn.seeedstudio.com/media/catalog/product/cache/7f7f32ef807b8c2c2215b49801c56084/h/t/httpsstatics3.seeedstudio.comseeedfile2018-07bazaar880301_1233.jpg,https://www.seeedstudio.com/Grove-Time-of-Flight-Distance-Sensor-VL53L0X.html,2026-09-29,not_found_in_checked_sources,,,,,,,
seeed-110090325,seeed,Seeed Studio,Robot Car Kit-6WD Off-Road Chassis Kit,110090325,https://www.seeedstudio.com/Robot-Car-Kit-6WD-Off-Road-Chassis-p-4222.html,chassis-kits,legs,,mobile_base,kit,Six-wheel mobile chassis with six geared DC motors and an aluminum body.,Ground locomotion makes the platform a legs/base selection rather than a torso-only frame.,high,"Chassis and drivetrain kit; controller and motor drivers shown as separate add-ons, not a complete autonomous robot.",99.90,USD,2026-09-29,"6WD off-road chassis, 2 mm aluminium, 6 DC motors with 1:34 metal gearboxes",live_verified,https://www.seeedstudio.com/Robot-Car-Kit-6WD-Off-Road-Chassis-p-4222.html,"Description lists six DC motors, gearboxes and mounting holes for Arduino/Raspberry Pi.",2026-09-29,https://media-cdn.seeedstudio.com/media/catalog/product/cache/7f7f32ef807b8c2c2215b49801c56084/6/w/6wd_robotcar.jpg,https://www.seeedstudio.com/Robot-Car-Kit-6WD-Off-Road-Chassis-p-4222.html,2026-09-29,not_found_in_checked_sources,,,,,,,
seeed-114993667,seeed,Seeed Studio,SO-ARM101 Pro Servo Motor Kit – LeRobot Compatible 6DOF Robotic Arm,114993667,https://www.seeedstudio.com/SO-101-Low-Cost-AI-Arm-Kit-Pro-p-6427.html,chassis-kits,arms,,robotic_arm_kit,kit,"Servo motor, adapter-board and cable kit for constructing an SO-ARM101 arm.","Purpose is manipulation, but the purchased kit is the actuator/electronics subset of an arm.",high,Motor kit excludes 3D-printed structural parts and camera; the downloaded full-arm CAD includes structure that this SKU does not supply.,277.99,USD,2026-09-29,"LeRobot SO-101 6-DoF arm motor kit: servos, adapter board, cables (no 3D-printed parts)",live_verified,https://www.seeedstudio.com/SO-101-Low-Cost-AI-Arm-Kit-Pro-p-6427.html,Official product description and explicit exclusion note distinguish motor kit from assembled/unassembled arm bundles.,2026-09-29,https://media-cdn.seeedstudio.com/media/catalog/product/cache/7f7f32ef807b8c2c2215b49801c56084/_/b/_banner-2.jpg,https://www.seeedstudio.com/SO-101-Low-Cost-AI-Arm-Kit-Pro-p-6427.html,2026-09-29,downloaded_3d,step|stl,https://raw.githubusercontent.com/TheRobotStudio/SO-ARM100/5f6d2b876a53a4872e405b991dd925556c9e38a4/LICENSE|https://raw.githubusercontent.com/TheRobotStudio/SO-ARM100/5f6d2b876a53a4872e405b991dd925556c9e38a4/STEP/SO101/Base_SO101.step|https://raw.githubusercontent.com/TheRobotStudio/SO-ARM100/5f6d2b876a53a4872e405b991dd925556c9e38a4/STEP/SO101/Base_motor_holder_SO101.step|https://raw.githubusercontent.com/TheRobotStudio/SO-ARM100/5f6d2b876a53a4872e405b991dd925556c9e38a4/STEP/SO101/Follower_Specific/Moving_Jaw_SO101.step|https://raw.githubusercontent.com/TheRobotStudio/SO-ARM100/5f6d2b876a53a4872e405b991dd925556c9e38a4/STEP/SO101/Follower_Specific/Wrist_Roll_Follower_SO101.step|https://raw.githubusercontent.com/TheRobotStudio/SO-ARM100/5f6d2b876a53a4872e405b991dd925556c9e38a4/STEP/SO101/Leader_Specific/Handle_SO101.step|https://raw.githubusercontent.com/TheRobotStudio/SO-ARM100/5f6d2b876a53a4872e405b991dd925556c9e38a4/STEP/SO101/Leader_Specific/Trigger_SO101.step|https://raw.githubusercontent.com/TheRobotStudio/SO-ARM100/5f6d2b876a53a4872e405b991dd925556c9e38a4/STEP/SO101/Leader_Specific/Wrist_Roll_SO101.step|https://raw.githubusercontent.com/TheRobotStudio/SO-ARM100/5f6d2b876a53a4872e405b991dd925556c9e38a4/STEP/SO101/Motor_holder_SO101_Base.step|https://raw.githubusercontent.com/TheRobotStudio/SO-ARM100/5f6d2b876a53a4872e405b991dd925556c9e38a4/STEP/SO101/Motor_holder_SO101_Wrist.step|https://raw.githubusercontent.com/TheRobotStudio/SO-ARM100/5f6d2b876a53a4872e405b991dd925556c9e38a4/STEP/SO101/Rotation_Pitch_SO101.step|https://raw.githubusercontent.com/TheRobotStudio/SO-ARM100/5f6d2b876a53a4872e405b991dd925556c9e38a4/STEP/SO101/SO101%20Assembly.step|https://raw.githubusercontent.com/TheRobotStudio/SO-ARM100/5f6d2b876a53a4872e405b991dd925556c9e38a4/STEP/SO101/Seeedstudio_Mounting_Plate_SO101.step|https://raw.githubusercontent.com/TheRobotStudio/SO-ARM100/5f6d2b876a53a4872e405b991dd925556c9e38a4/STEP/SO101/Under_arm_SO101.step|https://raw.githubusercontent.com/TheRobotStudio/SO-ARM100/5f6d2b876a53a4872e405b991dd925556c9e38a4/STEP/SO101/Upper_arm_SO101.step|https://raw.githubusercontent.com/TheRobotStudio/SO-ARM100/5f6d2b876a53a4872e405b991dd925556c9e38a4/STEP/SO101/WaveShare_Mounting_Plate_SO101.step|https://raw.githubusercontent.com/TheRobotStudio/SO-ARM100/5f6d2b876a53a4872e405b991dd925556c9e38a4/STEP/SO101/Wrist_Roll_Pitch_SO101.step|https://raw.githubusercontent.com/TheRobotStudio/SO-ARM100/5f6d2b876a53a4872e405b991dd925556c9e38a4/STL/SO101/Individual/Base_SO101.stl|https://raw.githubusercontent.com/TheRobotStudio/SO-ARM100/5f6d2b876a53a4872e405b991dd925556c9e38a4/STL/SO101/Individual/Base_motor_holder_SO101.stl|https://raw.githubusercontent.com/TheRobotStudio/SO-ARM100/5f6d2b876a53a4872e405b991dd925556c9e38a4/STL/SO101/Individual/Handle_SO101.stl|https://raw.githubusercontent.com/TheRobotStudio/SO-ARM100/5f6d2b876a53a4872e405b991dd925556c9e38a4/STL/SO101/Individual/Motor_holder_SO101_Base.stl|https://raw.githubusercontent.com/TheRobotStudio/SO-ARM100/5f6d2b876a53a4872e405b991dd925556c9e38a4/STL/SO101/Individual/Motor_holder_SO101_Wrist.stl|https://raw.githubusercontent.com/TheRobotStudio/SO-ARM100/5f6d2b876a53a4872e405b991dd925556c9e38a4/STL/SO101/Individual/Moving_Jaw_SO101.stl|https://raw.githubusercontent.com/TheRobotStudio/SO-ARM100/5f6d2b876a53a4872e405b991dd925556c9e38a4/STL/SO101/Individual/Rotation_Pitch_SO101.stl|https://raw.githubusercontent.com/TheRobotStudio/SO-ARM100/5f6d2b876a53a4872e405b991dd925556c9e38a4/STL/SO101/Individual/SO101%20Assembly.stl|https://raw.githubusercontent.com/TheRobotStudio/SO-ARM100/5f6d2b876a53a4872e405b991dd925556c9e38a4/STL/SO101/Individual/Seeedstudio_Mounting_Plate_SO101.stl|https://raw.githubusercontent.com/TheRobotStudio/SO-ARM100/5f6d2b876a53a4872e405b991dd925556c9e38a4/STL/SO101/Individual/Trigger_SO101.stl|https://raw.githubusercontent.com/TheRobotStudio/SO-ARM100/5f6d2b876a53a4872e405b991dd925556c9e38a4/STL/SO101/Individual/Under_arm_SO101.stl|https://raw.githubusercontent.com/TheRobotStudio/SO-ARM100/5f6d2b876a53a4872e405b991dd925556c9e38a4/STL/SO101/Individual/Upper_arm_SO101.stl|https://raw.githubusercontent.com/TheRobotStudio/SO-ARM100/5f6d2b876a53a4872e405b991dd925556c9e38a4/STL/SO101/Individual/WaveShare_Mounting_Plate_SO101.stl|https://raw.githubusercontent.com/TheRobotStudio/SO-ARM100/5f6d2b876a53a4872e405b991dd925556c9e38a4/STL/SO101/Individual/Wrist_Roll_Follower_SO101.stl|https://raw.githubusercontent.com/TheRobotStudio/SO-ARM100/5f6d2b876a53a4872e405b991dd925556c9e38a4/STL/SO101/Individual/Wrist_Roll_Pitch_SO101.stl|https://raw.githubusercontent.com/TheRobotStudio/SO-ARM100/5f6d2b876a53a4872e405b991dd925556c9e38a4/STL/SO101/Individual/Wrist_Roll_SO101.stl,docs/robot-parts-stores/cad/originals/seeed-114993667/LICENSE|docs/robot-parts-stores/cad/originals/seeed-114993667/Base_SO101.step|docs/robot-parts-stores/cad/originals/seeed-114993667/Base_motor_holder_SO101.step|docs/robot-parts-stores/cad/originals/seeed-114993667/Moving_Jaw_SO101.step|docs/robot-parts-stores/cad/originals/seeed-114993667/Wrist_Roll_Follower_SO101.step|docs/robot-parts-stores/cad/originals/seeed-114993667/Handle_SO101.step|docs/robot-parts-stores/cad/originals/seeed-114993667/Trigger_SO101.step|docs/robot-parts-stores/cad/originals/seeed-114993667/Wrist_Roll_SO101.step|docs/robot-parts-stores/cad/originals/seeed-114993667/Motor_holder_SO101_Base.step|docs/robot-parts-stores/cad/originals/seeed-114993667/Motor_holder_SO101_Wrist.step|docs/robot-parts-stores/cad/originals/seeed-114993667/Rotation_Pitch_SO101.step|docs/robot-parts-stores/cad/originals/seeed-114993667/SO101 Assembly.step|docs/robot-parts-stores/cad/originals/seeed-114993667/Seeedstudio_Mounting_Plate_SO101.step|docs/robot-parts-stores/cad/originals/seeed-114993667/Under_arm_SO101.step|docs/robot-parts-stores/cad/originals/seeed-114993667/Upper_arm_SO101.step|docs/robot-parts-stores/cad/originals/seeed-114993667/WaveShare_Mounting_Plate_SO101.step|docs/robot-parts-stores/cad/originals/seeed-114993667/Wrist_Roll_Pitch_SO101.step|docs/robot-parts-stores/cad/originals/seeed-114993667/Base_SO101.stl|docs/robot-parts-stores/cad/originals/seeed-114993667/Base_motor_holder_SO101.stl|docs/robot-parts-stores/cad/originals/seeed-114993667/Handle_SO101.stl|docs/robot-parts-stores/cad/originals/seeed-114993667/Motor_holder_SO101_Base.stl|docs/robot-parts-stores/cad/originals/seeed-114993667/Motor_holder_SO101_Wrist.stl|docs/robot-parts-stores/cad/originals/seeed-114993667/Moving_Jaw_SO101.stl|docs/robot-parts-stores/cad/originals/seeed-114993667/Rotation_Pitch_SO101.stl|docs/robot-parts-stores/cad/originals/seeed-114993667/SO101 Assembly.stl|docs/robot-parts-stores/cad/originals/seeed-114993667/Seeedstudio_Mounting_Plate_SO101.stl|docs/robot-parts-stores/cad/originals/seeed-114993667/Trigger_SO101.stl|docs/robot-parts-stores/cad/originals/seeed-114993667/Under_arm_SO101.stl|docs/robot-parts-stores/cad/originals/seeed-114993667/Upper_arm_SO101.stl|docs/robot-parts-stores/cad/originals/seeed-114993667/WaveShare_Mounting_Plate_SO101.stl|docs/robot-parts-stores/cad/originals/seeed-114993667/Wrist_Roll_Follower_SO101.stl|docs/robot-parts-stores/cad/originals/seeed-114993667/Wrist_Roll_Pitch_SO101.stl|docs/robot-parts-stores/cad/originals/seeed-114993667/Wrist_Roll_SO101.stl,SO-101 structural STEP/STL files and full assembly from the original designer. Printed parts are not included in this catalog servo kit. Assembly may use a different servo/electronics revision; verify against the Pro kit.,docs/robot-builder/public/models/seeed-114993667.glb,docs/robot-builder/public/thumbnails/seeed-114993667.png,
seeed-106990290,seeed,Seeed Studio,Lipo Rider Plus (Charger/Booster) - 5V/2.4A USB Type C,106990290,https://www.seeedstudio.com/Lipo-Rider-Plus-p-4204.html,power-batteries,support,,power_module,module,LiPo charge-and-boost board supplies regulated outputs from a battery.,"Power management is internal support, not energy storage or a body structure.",high,Charger/booster board; LiPo cell and protected battery arrangement must be supplied separately.,4.99,USD,2026-09-29,"LiPo charger/booster, 3 A charging, 5 V / 2.4 A output, USB-C",live_verified,https://www.seeedstudio.com/Lipo-Rider-Plus-p-4204.html|https://wiki.seeedstudio.com/Lipo-Rider-Plus/,"Official wiki describes charging, boosting and external battery connection after storefront fetch failed.",2026-09-29,https://media-cdn.seeedstudio.com/media/catalog/product/cache/7f7f32ef807b8c2c2215b49801c56084/l/i/lipo-rider-plus-v1.0-preview.jpg,https://www.seeedstudio.com/Lipo-Rider-Plus-p-4204.html,2026-09-29,not_found_in_checked_sources,,,,,,,
dfrobot-fit0186,dfrobot,DFRobot,"12V Metal DC Geared Motor with Encoder (43.8:1, 251RPM, 18Kg.cm)",FIT0186,https://www.dfrobot.com/product-634.html,motors,legs,arms,dc_gearmotor,component,Metal DC gearmotor with quadrature encoder for mobile robots.,Vendor explicitly describes mobile-robot drive use; other joint mechanisms require separate structure and control.,high,"One gearmotor with encoder; wheel, mount, driver and power separate.",16.50,USD,2026-09-29,"12 V metal gearmotor, 43.8:1, 251 RPM, 18 kg·cm, 700 counts/rev encoder",live_verified,https://www.dfrobot.com/product-634.html,"Introduction identifies integrated encoder, gearbox and mobile-robot application; shipping list contains one motor.",2026-09-29,https://dfimg.dfrobot.com/enshop/FIT0186/FIT0186_Main_01.jpg,https://www.dfrobot.com/product-634.html,2026-09-29,not_found_in_checked_sources,,,,,,,
dfrobot-fit0450,dfrobot,DFRobot,TT Motor with Encoder (6V 160RPM 120:1),FIT0450,https://www.dfrobot.com/product-1457.html,motors,legs,arms,dc_gearmotor,component,TT geared DC motor with quadrature feedback for controlled robot motion.,Vendor mobile-robot application supports locomotion; alternative joint use is only a component-level suggestion.,high,"One motor plus motor/encoder cables; wheel, controller, motor driver and frame separate.",7.40,USD,2026-09-29,"6 V TT gearmotor, 120:1, 160 RPM, with encoder",live_verified,https://www.dfrobot.com/product-1457.html,Description identifies a geared motor for mobile projects; shipping list specifies motor and two cables.,2026-09-29,https://dfimg.dfrobot.com/enshop/FIT0450/FIT0450_Main_01.jpg,https://www.dfrobot.com/product-1457.html,2026-09-29,downloaded_3d,step|zip,https://github.com/Arduinolibrary/DFRobot_Micro_DC_Geared_Motor_with_Encoder/raw/master/FIT0450%20Solidworks%20File.zip|https://dfimg.dfrobot.com/wiki/19292/FIT0450_tt-motor-with-encoder_stpfile_v1.zip,docs/robot-parts-stores/cad/originals/dfrobot-fit0450/FIT0450 Solidworks File.zip|docs/robot-parts-stores/cad/extracted/dfrobot-fit0450/FIT0450 Solidworks File/FIT0450.STEP|docs/robot-parts-stores/cad/originals/dfrobot-fit0450/FIT0450_tt-motor-with-encoder_stpfile_v1.zip|docs/robot-parts-stores/cad/extracted/dfrobot-fit0450/FIT0450_tt-motor-with-encoder_stpfile_v1/FIT0450.STEP,,,,
dfrobot-ser0020,dfrobot,DFRobot,DSS-P05 Standard Servo (5.1kg),SER0020,https://www.dfrobot.com/product-236.html,servos,arms,head|legs,positional_servo,component,Standard hobby servo for controlled angular movement.,"Vendor cites head, arm and biped use, so primary arms with optional head/legs is supported at joint level.",medium,"One servo; links, bearings, mounts and command/power system are separate.",5.80,USD,2026-09-29,"Standard servo, 180°, 4.8–6 V, 38 g",live_verified,https://www.dfrobot.com/product-236.html,"Introduction explicitly lists head, arm and biped applications; shipping list is one servo.",2026-09-29,https://dfimg.dfrobot.com/enshop/image/data/SER0020/SER0020_Main_001.jpg,https://www.dfrobot.com/product-236.html,2026-09-29,not_found_in_checked_sources,,,,,,,role_medium_confidence
dfrobot-ser0006,dfrobot,DFRobot,9g 180° Micro Servo for Arduino (1.3kg),SER0006,https://www.dfrobot.com/product-255.html,servos,arms,head,positional_servo,component,Lightweight micro servo for small mechanisms and angular positioning.,Small arm or pan-tilt head joints fit the vendor examples; it is not a full arm or load-bearing leg.,medium,"One micro servo; external structure, power and control needed.",3.50,USD,2026-09-29,"9 g micro servo, 180° ±5°, 4.8–6 V",live_verified,https://www.dfrobot.com/product-255.html,Description lists small robotic arms and pan-tilt mechanisms and limits use to light-duty rotation.,2026-09-29,https://dfimg.dfrobot.com/enshop/SER0006/SER0006_Main_01.jpg,https://www.dfrobot.com/product-255.html,2026-09-29,not_found_in_checked_sources,,,,,,,role_medium_confidence
dfrobot-dri0044,dfrobot,DFRobot,Fermion: TB6612FNG 2x1.2A DC Motor Driver (Breakout),DRI0044,https://www.dfrobot.com/product-1704.html,motor-drivers,support,,motor_driver,module,Dual-channel TB6612FNG breakout controls two small brushed DC motors.,Driver electronics enable movement but are not the moving limb itself.,high,"Driver board and two headers; motors, host and power separate.",4.50,USD,2026-09-29,"TB6612FNG dual DC motor driver breakout, 2 × 1.2 A",live_verified,https://www.dfrobot.com/product-1704.html,Introduction identifies two motor channels and shipping list includes the breakout plus headers.,2026-09-29,https://dfimg.dfrobot.com/enshop/image/data/DRI0044/DRI0044_ShipList_06.jpg,https://www.dfrobot.com/product-1704.html,2026-09-29,not_found_in_checked_sources,,,,,,,
dfrobot-dri0002,dfrobot,DFRobot,MDV 2x2A DC Motor Controller (L298N),DRI0002,https://www.dfrobot.com/product-66.html,motor-drivers,support,,motor_driver,module,L298N dual H-bridge controller regulates direction and speed of two brushed motors.,Control electronics serve locomotion or manipulation; neither physical assembly is supplied.,high,"One motor controller; motors, host controller and supply separate.",12.90,USD,2026-09-29,"L298N dual DC motor controller, 4.8–46 V, 2 A per channel",live_verified,https://www.dfrobot.com/product-66.html,Description specifies two brushed motors with PWM speed and direction control.,2026-09-29,https://dfimg.dfrobot.com/enshop/DRI0002/DRI0002_Main_01.jpg,https://www.dfrobot.com/product-66.html,2026-09-29,downloaded_3d,stp|zip,https://dfimg.dfrobot.com/wiki/17611/DRI0002_l298n-dual-motor-controller-module_stpfile_1.3.zip,docs/robot-parts-stores/cad/originals/dfrobot-dri0002/DRI0002_l298n-dual-motor-controller-module_stpfile_1.3.zip|docs/robot-parts-stores/cad/extracted/dfrobot-dri0002/DRI0002_l298n-dual-motor-controller-module_stpfile_1.3/DRI0002_l298n-dual-motor-controller-module_stpfile_1.3.stp,,,,
dfrobot-dfr0654,dfrobot,DFRobot,"FireBeetle 2 ESP32-E IoT Microcontroller (32M / 512KB, Supports Wi-Fi & Bluetooth)",DFR0654,https://www.dfrobot.com/product-2195.html,microcontrollers-sbc,support,,microcontroller,module,ESP32-E programmable controller board with wireless communication and battery charging.,"Internal compute and communication functions belong to support, not structural torso.",high,"Board and listed pin headers; battery, sensors and actuators separate.",8.90,USD,2026-09-29,"ESP32-E IoT board, Wi-Fi + Bluetooth, Arduino-compatible",live_verified,https://www.dfrobot.com/product-2195.html,Introduction identifies main-controller function and onboard charging; shipping list contains board and headers.,2026-09-29,https://dfimg.dfrobot.com/enshop/DFR0654/DFR0654_Main_01.jpg,https://www.dfrobot.com/product-2195.html,2026-09-29,downloaded_3d,stp|zip,https://dfimg.dfrobot.com/wiki/23249/DFR0654_firebeetle-2-esp32-e_stpfile_v1.0.zip,docs/robot-parts-stores/cad/originals/dfrobot-dfr0654/DFR0654_firebeetle-2-esp32-e_stpfile_v1.0.zip|docs/robot-parts-stores/cad/extracted/dfrobot-dfr0654/DFR0654_firebeetle-2-esp32-e_stpfile_v1.0/DFR0654_3D_3DM.stp,,,,
dfrobot-sen0340,dfrobot,DFRobot,"TF-Luna ToF Single-Point Ranging Solid State LiDAR Sensor (8m, UART / I2C)",SEN0340,https://www.dfrobot.com/product-1995.html,sensors,head,,lidar,module,Compact TF-Luna single-point time-of-flight lidar measures object range.,Range perception suggests a head component; single-point sensing is not a full scanning head.,high,"Sensor module; host, suitable wiring and physical mounting required.",24.90,USD,2026-09-29,"TF-Luna single-point ToF lidar, 0.2–8 m, 1 cm resolution, UART/I2C",live_verified,https://www.dfrobot.com/product-1995.html,Introduction identifies a single-point solid-state lidar using time of flight.,2026-09-29,https://dfimg.dfrobot.com/enshop/SEN0340/SEN0340_Main_01.jpg,https://www.dfrobot.com/product-1995.html,2026-09-29,not_found_in_checked_sources,,,,,,,
dfrobot-sen0374,dfrobot,DFRobot,Fermion: BNO055 Intelligent 9-axis Sensor (Breakout),SEN0374,https://www.dfrobot.com/product-2142.html,sensors,support,,imu,module,"BNO055 orientation module fuses accelerometer, gyro and magnetic sensing.",Body orientation feedback is internal support rather than outward perception.,high,One sensor board with headers; not a mechanical head or torso.,17.90,USD,2026-09-29,"BNO055 9-axis (accel, gyro, magnetometer + MCU), I2C",live_verified,https://www.dfrobot.com/product-2142.html,Introduction describes absolute orientation and fused quaternion/Euler outputs; shipping list lists sensor and headers.,2026-09-29,https://dfimg.dfrobot.com/enshop/SEN0374/SEN0374_Main_01.jpg,https://www.dfrobot.com/product-2142.html,2026-09-29,not_found_in_checked_sources,,,,,,,
dfrobot-rob0112,dfrobot,DFRobot,Devastator Tank Mobile Robot Platform,ROB0112,https://www.dfrobot.com/product-1219.html,chassis-kits,legs,,mobile_base,kit,Tracked mobile chassis with motors and suspension for ground travel.,"Tracks supply the robot locomotion role represented by legs, despite the included body frame.",high,Platform kit; ultrasonic sensor and control board are explicitly excluded.,69.90,USD,2026-09-29,"Tracked tank platform, high-strength aluminium alloy, Arduino/Raspberry Pi compatible",live_verified,https://www.dfrobot.com/product-1219.html,Vendor describes a tracked mobile platform and explicitly excludes ultrasonic sensor and control board.,2026-09-29,https://dfimg.dfrobot.com/enshop/image/data/ROB0112/_DSC1430.jpg,https://www.dfrobot.com/product-1219.html,2026-09-29,not_found_in_checked_sources,,,,,,,
dfrobot-fit0654-1,dfrobot,DFRobot,Mecanum Wheel Kit (80mm - 4 Wheels),FIT0654-1,https://www.dfrobot.com/product-2042.html,wheels-mechanical,legs,,wheel,kit,Four 80 mm mecanum wheels support omnidirectional mobile robots.,"Ground-contact wheels are locomotion parts, not a complete powered base.",high,"Two left and two right wheels; motors, hubs, chassis, power and controller separate.",19.60,USD,2026-09-29,"4 × 80 mm mecanum wheels, 9 rollers each, up to 10 kg load",live_verified,https://www.dfrobot.com/product-2042.html,"Shipping list specifies two left and two right wheels, with left/right installation markings.",2026-09-29,https://dfimg.dfrobot.com/enshop/image/data/FIT0654/FIT0654.jpg,https://www.dfrobot.com/product-2042.html,2026-09-29,not_found_in_checked_sources,,,,,,,
dfrobot-dfr0969,dfrobot,DFRobot,2-Way 18650 Battery Holder,DFR0969,https://www.dfrobot.com/product-2578.html,power-batteries,support,,battery_holder,module,Dual 18650 holder with charging and regulated power outputs.,Stores cells and manages supply for robot electronics; it is not a battery cell or body segment.,high,Holder/charging module only; shipping list does not include 18650 cells.,9.90,USD,2026-09-29,"Holder/charger for 2 × 18650 cells, micro-USB and USB-C in, USB out, 3 V/5 V, protected",live_verified,https://www.dfrobot.com/product-2578.html,Description identifies two-cell accommodation and charging outputs; shipping list contains one battery box.,2026-09-29,https://dfimg.dfrobot.com/enshop/image/data/DFR0969/DFR0305_Main_01.jpg,https://www.dfrobot.com/product-2578.html,2026-09-29,not_found_in_checked_sources,,,,,,,
robotis-902-0135-000,robotis,ROBOTIS America,DYNAMIXEL XL430-W250-T,902-0135-000,https://robotis.us/products/dynamixel-xl430-w250-t,servos,arms,legs|head,smart_servo,component,TTL smart actuator with position and continuous-rotation control plus motion feedback.,Suggested as an arm joint; its other operating modes also suit wheel drives or pan-tilt heads. One actuator is not an assembled limb.,medium,"One servo with preinstalled horn, TTL cable, bolts and spacers; body links and controller are separate.",27.50,USD,2026-09-29,"DYNAMIXEL smart servo, 11.1 V, TTL, 57 RPM no-load, ~0.28 N·m est. rated torque, 4096-step resolution",live_verified,https://robotis.us/products/dynamixel-xl430-w250-t,"Product lists arm, wheel and pan-tilt use cases and a one-servo package; use current XL430(new) CAD revision. Official product page fetched directly over HTTPS with HTTP 200 and inspected on the research date.",2026-09-29,http://robotis.us/cdn/shop/files/8__39647.1743464677.1280.1280.png?v=1785997070,https://robotis.us/products/dynamixel-xl430-w250-t,2026-09-29,downloaded_3d,stp,https://www.dropbox.com/s/wpy20ym8g1wvgbx/XL-430_new.stp?dl=1,docs/robot-parts-stores/cad/originals/robotis-902-0135-000/XL430_new(stp).stp,,docs/robot-builder/public/models/robotis-902-0135-000.glb,docs/robot-builder/public/thumbnails/robotis-902-0135-000.png,role_medium_confidence
robotis-902-0163-000,robotis,ROBOTIS America,DYNAMIXEL XL330-M288-T,902-0163-000,https://robotis.us/products/dynamixel-xl330-m288-t,servos,arms,legs|head,smart_servo,component,"Compact 5 V smart servo with position, velocity and current control.",Suggested as a small arm joint; may also actuate a light drive or sensor mount. It supplies no complete limb structure.,medium,"Package lists one XL330-M288-T, one TTL cable and horn/frame bolts; controller and linkage are separate.",27.49,USD,2026-09-29,"DYNAMIXEL smart servo, 5 V, TTL/SBUS/iBUS/RC PWM, 103 RPM no-load, ~0.10 N·m est. rated torque",live_verified,https://robotis.us/products/dynamixel-xl330-m288-t,Vendor identifies compact robotic arms and mobile robots and lists position/velocity/current modes. Official product page fetched directly over HTTPS with HTTP 200 and inspected on the research date.,2026-09-29,http://robotis.us/cdn/shop/files/1__31092.1741652455.1280.1280.png?v=1785998304,https://robotis.us/products/dynamixel-xl330-m288-t,2026-09-29,downloaded_3d,stp,"https://www.dropbox.com/s/qlzmp8mlvzrxmzu/XL,XC-330.stp?dl=1",docs/robot-parts-stores/cad/originals/robotis-902-0163-000/XL330.stp,,,,role_medium_confidence
robotis-902-0132-000,robotis,ROBOTIS America,U2D2,902-0132-000,https://robotis.us/products/u2d2,motor-drivers,support,,interface_adapter,module,USB interface that lets a computer communicate with TTL and RS-485 DYNAMIXEL actuators.,Communication electronics support joints; the adapter does not itself produce movement or provide a body segment.,high,External actuator power is required. Page announces USB-C but its package table still says Micro USB; verify supplied cable/revision.,36.92,USD,2026-09-29,USB-C to TTL/RS-485 converter for controlling DYNAMIXEL actuators from a PC,live_verified,https://robotis.us/products/u2d2,Page explicitly describes a USB communication converter and states it does not power DYNAMIXEL. Official product page fetched directly over HTTPS with HTTP 200 and inspected on the research date.,2026-09-29,http://robotis.us/cdn/shop/files/U2D2__14759.1772665529.1280.1280.png?v=1785997056,https://robotis.us/products/u2d2,2026-09-29,downloaded_3d,step,https://www.dropbox.com/scl/fi/bixqw1njt1mjppul0uhhv/U2D2.stp?rlkey=w700rk1ymotxuirw3styu6f5d&dl=1,docs/robot-parts-stores/cad/originals/robotis-902-0132-000/U2D2.step,,,,
robotis-903-0257-000,robotis,ROBOTIS America,OpenCR1.0,903-0257-000,https://robotis.us/products/opencr1-0,microcontrollers-sbc,support,,robot_controller,module,Cortex-M7 robot control board with DYNAMIXEL interfaces and onboard inertial sensing.,Internal control electronics belong to support even when physically mounted in a torso.,high,"Package contains one OpenCR1.0 and one Micro-B USB cable; host SBC, actuators and operating power source are separate.",247.14,USD,2026-09-29,"STM32F746 Cortex-M7 216 MHz robot controller, MPU9250 IMU, RS-485 & TTL DYNAMIXEL ports",live_verified,https://robotis.us/products/opencr1-0,"Overview identifies the TurtleBot3 controller and lists RS-485, TTL, UART, CAN and inertial sensors. Official product page fetched directly over HTTPS with HTTP 200 and inspected on the research date.",2026-09-29,http://robotis.us/cdn/shop/files/1__79132.1783746763.1280.1280.png?v=1785997054,https://robotis.us/products/opencr1-0,2026-09-29,downloaded_3d,md|step|stl,https://raw.githubusercontent.com/ROBOTIS-GIT/OpenCR-Hardware/4c56093c5aaedbcb98b374f94a8046187834022c/Layout/OpenCR_REVH.step|https://raw.githubusercontent.com/ROBOTIS-GIT/OpenCR-Hardware/4c56093c5aaedbcb98b374f94a8046187834022c/Layout/OpenCR_REVH.stl|https://raw.githubusercontent.com/ROBOTIS-GIT/OpenCR-Hardware/4c56093c5aaedbcb98b374f94a8046187834022c/README.md,docs/robot-parts-stores/cad/originals/robotis-903-0257-000/OpenCR_REVH.step|docs/robot-parts-stores/cad/originals/robotis-903-0257-000/OpenCR_REVH.stl|docs/robot-parts-stores/cad/originals/robotis-903-0257-000/README.md,OpenCR CAD is revision H from the official hardware repository; verify against the purchased board.,docs/robot-builder/public/models/robotis-903-0257-000.glb,docs/robot-builder/public/thumbnails/robotis-903-0257-000.png,
robotis-902-0183-000,robotis,ROBOTIS America,OpenRB-150,902-0183-000,https://robotis.us/products/openrb-150,microcontrollers-sbc,support,,robot_controller,module,Arduino-compatible controller for DYNAMIXEL actuators.,Controls other robot parts; it is not a structural body or completed limb.,high,One OpenRB-150 board; batteries and cables explicitly excluded.,28.64,USD,2026-09-29,Arduino-compatible DYNAMIXEL controller board (batteries and cables not included),live_verified,https://robotis.us/products/openrb-150,Package contents name an Arduino-compatible DYNAMIXEL controller and exclude batteries and cables. Official product page fetched directly over HTTPS with HTTP 200 and inspected on the research date.,2026-09-29,http://robotis.us/cdn/shop/files/3__54503.1741649606.1280.1280.png?v=1785998674,https://robotis.us/products/openrb-150,2026-09-29,downloaded_3d,step,https://www.dropbox.com/s/q5q0u57r6dd5o2p/OpenRB-150.step?dl=1,docs/robot-parts-stores/cad/originals/robotis-902-0183-000/OpenRB-150.step,,,,
robotis-902-0043-000,robotis,ROBOTIS America,Distance Measuring Sensor DMS-80,902-0043-000,https://robotis.us/products/distance-measuring-sensor-dms-80,sensors,head,,distance_sensor,module,Measures nearby wall or object distance over a 10–80 cm range.,Perception component for a conceptual head; no head housing or articulation is included.,high,One DMS-80 plus one 150 mm sensor cable; requires a compatible controller.,20.47,USD,2026-09-29,"Distance sensor, 10–80 cm, 4.5–5.5 V, 4.4 g",live_verified,https://robotis.us/products/distance-measuring-sensor-dms-80,Vendor describes wall/object distance detection and lists a 10–80 cm detection range. Official product page fetched directly over HTTPS with HTTP 200 and inspected on the research date.,2026-09-29,http://robotis.us/cdn/shop/files/DMS_80_pic1__15072.1401814165.1280.1280.jpg?v=1785996146,https://robotis.us/products/distance-measuring-sensor-dms-80,2026-09-29,not_found_in_checked_sources,,,,,,,
robotis-902-0042-000,robotis,ROBOTIS America,Gyro Sensor GS-12,902-0042-000,https://robotis.us/products/gyro-sensor-gs-12,sensors,support,,imu,module,Gyroscope measures angular velocity for robot tilt estimation and balance control.,Proprioceptive sensing supports balance rather than serving as an outward-looking head. Taxonomy imu includes this gyro-only sensor.,high,"One GS-12 with two 160 mm cables; this is a gyroscope, not a full accelerometer/gyro/magnetometer IMU.",47.84,USD,2026-09-29,"Gyro sensor, ±300°/s, 4.5–5.5 V, 23 × 23 × 10 mm",live_verified,https://robotis.us/products/gyro-sensor-gs-12,"Page states angular-velocity measurement, inclination estimation and balancing applications. Official product page fetched directly over HTTPS with HTTP 200 and inspected on the research date.",2026-09-29,http://robotis.us/cdn/shop/files/Gyro_Sensor_GS_12_pic__02627.1401814497.1280.1280.jpg?v=1786003660,https://robotis.us/products/gyro-sensor-gs-12,2026-09-29,not_found_in_checked_sources,,,,,,,
robotis-901-0118-301,robotis,ROBOTIS America,TurtleBot 3 Burger RPi4 4GB [US],901-0118-301,https://robotis.us/products/turtlebot-3-burger-rpi4-4gb-us,chassis-kits,whole_robot,legs|torso|head,robot_kit,kit,TurtleBot3 Burger mobile ROS robot kit with Raspberry Pi 4 4 GB and LDS ranging sensor.,"A robot kit spans a wheeled base, supporting frame and perception; do not sell or count it as a single leg.",high,"Assembly kit variant is RPi4 4GB US. Vendor notes revised LDS sensor, matching USB2LDS adapter and required cables; older USB2LDS is incompatible with that sensor revision.",783.50,USD,2026-09-29,TurtleBot3 Burger ROS robot kit with Raspberry Pi 4 (4 GB) and LDS lidar,live_verified,https://robotis.us/products/turtlebot-3-burger-rpi4-4gb-us,"Exact product identifies TurtleBot3 Burger RPi4 4GB; overview explicitly discusses included LDS, USB2LDS and cables. Official product page fetched directly over HTTPS with HTTP 200 and inspected on the research date.",2026-09-29,http://robotis.us/cdn/shop/files/tb_burger_rp4_4gb_500__45301.1631229467.1280.1280.png?v=1785998322,https://robotis.us/products/turtlebot-3-burger-rpi4-4gb-us,2026-09-29,downloaded_3d,stl|urdf,https://raw.githubusercontent.com/ROBOTIS-GIT/turtlebot3/fc817ce3073af1d6032397c64504134882af5e9a/LICENSE|https://raw.githubusercontent.com/ROBOTIS-GIT/turtlebot3/fc817ce3073af1d6032397c64504134882af5e9a/turtlebot3_description/meshes/bases/burger_base.stl|https://raw.githubusercontent.com/ROBOTIS-GIT/turtlebot3/fc817ce3073af1d6032397c64504134882af5e9a/turtlebot3_description/meshes/sensors/lds.stl|https://raw.githubusercontent.com/ROBOTIS-GIT/turtlebot3/fc817ce3073af1d6032397c64504134882af5e9a/turtlebot3_description/meshes/wheels/left_tire.stl|https://raw.githubusercontent.com/ROBOTIS-GIT/turtlebot3/fc817ce3073af1d6032397c64504134882af5e9a/turtlebot3_description/meshes/wheels/right_tire.stl|https://raw.githubusercontent.com/ROBOTIS-GIT/turtlebot3/fc817ce3073af1d6032397c64504134882af5e9a/turtlebot3_description/urdf/common_properties.urdf|https://raw.githubusercontent.com/ROBOTIS-GIT/turtlebot3/fc817ce3073af1d6032397c64504134882af5e9a/turtlebot3_description/urdf/turtlebot3_burger.urdf,docs/robot-parts-stores/cad/originals/robotis-901-0118-301/LICENSE|docs/robot-parts-stores/cad/originals/robotis-901-0118-301/turtlebot3_description/meshes/bases/burger_base.stl|docs/robot-parts-stores/cad/originals/robotis-901-0118-301/turtlebot3_description/meshes/sensors/lds.stl|docs/robot-parts-stores/cad/originals/robotis-901-0118-301/turtlebot3_description/meshes/wheels/left_tire.stl|docs/robot-parts-stores/cad/originals/robotis-901-0118-301/turtlebot3_description/meshes/wheels/right_tire.stl|docs/robot-parts-stores/cad/originals/robotis-901-0118-301/turtlebot3_description/urdf/common_properties.urdf|docs/robot-parts-stores/cad/originals/robotis-901-0118-301/turtlebot3_description/urdf/turtlebot3_burger.urdf,Official TurtleBot3 ROS visualization meshes and URDF. Simplified geometry; RPi4 kit revision and included sensor may differ. Not a complete manufacturing CAD assembly.,,,
robotis-903-0260-000,robotis,ROBOTIS America,TB3 Wheel Tire Set-ISW-01 (2ea),903-0260-000,https://robotis.us/products/tb3-wheel-tire-set-isw-01-2ea,wheels-mechanical,legs,,wheel,component,Pair of rubber-tired drive wheels that bolt to compatible DYNAMIXEL actuators.,Ground-contact locomotion parts represent legs/wheels; motors and supporting base are separate.,high,Sold as a set of two wheels and two tires with twenty M2x4K screws; no DYNAMIXEL actuator included.,10.81,USD,2026-09-29,"Engineering-plastic wheels with high-grip rubber tires, bolt to DYNAMIXEL, 2 pcs",live_verified,https://robotis.us/products/tb3-wheel-tire-set-isw-01-2ea,"Package lists two sprocket wheels, two TR-66 tires and screws; vendor explains attachment to DYNAMIXEL. Official product page fetched directly over HTTPS with HTTP 200 and inspected on the research date.",2026-09-29,http://robotis.us/cdn/shop/files/500_MG_9538__87077.1509112965.1280.1280.jpg?v=1785996884,https://robotis.us/products/tb3-wheel-tire-set-isw-01-2ea,2026-09-29,downloaded_3d,step,https://www.dropbox.com/s/ad1yfyq6b2k4313/tb3_wheel-isw-01.stp?dl=1,docs/robot-parts-stores/cad/originals/robotis-903-0260-000/TB3_WHEEL-ISW-01.step,,,,
robotis-903-0262-000,robotis,ROBOTIS America,TB3 Ball Caster-A01 (1ea),903-0262-000,https://robotis.us/products/tb3-ball-caster-a01-1ea,wheels-mechanical,legs,,caster,component,Passive ball caster supports a wheeled robot base while rolling freely.,Ground support belongs to locomotion; this passive caster cannot propel the robot.,high,One frame-and-steel-ball caster with five screws and five rivets; intended for 6 mm plates/TB3 Waffle Plate.,4.03,USD,2026-09-29,Ball caster (frame + steel ball) for 6 mm plates / TB3 Waffle Plate,live_verified,https://robotis.us/products/tb3-ball-caster-a01-1ea,Package lists one caster assembly; compatibility section names 6 mm plates and the TB3 Waffle Plate. Official product page fetched directly over HTTPS with HTTP 200 and inspected on the research date.,2026-09-29,http://robotis.us/cdn/shop/files/500_MG_9553__82157.1509066324.1280.1280.jpg?v=1785996893,https://robotis.us/products/tb3-ball-caster-a01-1ea,2026-09-29,downloaded_3d,step,https://www.dropbox.com/s/myixza4lhpbh1ec/tb3_ball_caster-a01.stp?dl=1,docs/robot-parts-stores/cad/originals/robotis-903-0262-000/TB3_BALL_CASTER-A01.step,,,,
robotis-903-0210-000,robotis,ROBOTIS America,LIPO Battery 11.1V 1800mAh LB-012,903-0210-000,https://robotis.us/products/lipo-battery-11-1v-1800mah-lb-012,power-batteries,support,,battery,component,Rechargeable 11.1 V 1800 mAh lithium-polymer battery with protection circuitry.,Stores operating energy for robot systems and has no independent anatomical function.,high,One LB-012 battery; LBC-010 charger sold separately. Vendor lists TurtleBot3/OpenCR/OP compatibility and excludes other CM-series controllers.,68.54,USD,2026-09-29,"LiPo 11.1 V, 1800 mAh, 5C, built-in PCM protection, 106 g",live_verified,https://robotis.us/products/lipo-battery-11-1v-1800mah-lb-012,"Page provides voltage/capacity, package quantity, charger exclusion and connector compatibility limitations. Official product page fetched directly over HTTPS with HTTP 200 and inspected on the research date.",2026-09-29,http://robotis.us/cdn/shop/files/LB_012__24176.1435715125.1280.1280.jpg?v=1785995555,https://robotis.us/products/lipo-battery-11-1v-1800mah-lb-012,2026-09-29,not_found_in_checked_sources,,,,,,,
robotis-903-0126-000,robotis,ROBOTIS America,SMPS 12V 5A PS-10 [US-110V],903-0126-000,https://robotis.us/products/smps-12v-5a-ps-10-us-110v,power-batteries,support,,power_adapter,module,AC mains adapter supplying 12 V DC at up to 5 A to compatible robot electronics or a charger.,External power support; it is neither a battery nor a structural body part.,high,One PS-10 supply and AC cord. Battery charging requires a separate charger between supply and battery.,24.61,USD,2026-09-29,"12 V 5 A power supply, 100–260 V AC input",live_verified,https://robotis.us/products/smps-12v-5a-ps-10-us-110v,Package includes supply and cord; wiring examples show battery charging through a separate battery charger. Official product page fetched directly over HTTPS with HTTP 200 and inspected on the research date.,2026-09-29,http://robotis.us/cdn/shop/files/SMPS_12V_5A_PS_10_Pic1__52053.1400518303.1280.1280.jpg?v=1785995502,https://robotis.us/products/smps-12v-5a-ps-10-us-110v,2026-09-29,not_found_in_checked_sources,,,,,,,
waveshare-23489,waveshare,Waveshare Electronics,"DDSM115 Direct Drive Servo Motor, Low Speed & High Torque, Low Noise, All-In-One Design, Hub Motor",23489,https://www.waveshare.com/ddsm115.htm,motors,legs,arms,hub_motor,component,"Direct-drive hub servo integrates a brushless motor, encoder and driver with RS-485 control.",Primarily a mobile-drive/locomotion actuator; position mode also permits joint concepts. It is not a complete wheelbase or limb.,high,"One DDSM115 motor; pictured robot chassis explicitly excluded. Requires mechanical integration, control connection and power.",64.99,USD,2026-09-29,"Direct-drive hub servo motor, 115 RPM rated, 0.96 N·m rated / 2.0 N·m locked-rotor, 4096-count encoder, RS485, IP54",live_verified,https://www.waveshare.com/ddsm115.htm,"Page identifies a hub motor with integrated driver, position/velocity/current modes and a one-motor package. Official product page fetched directly over HTTPS with HTTP 200 and inspected on the research date.",2026-09-29,https://www.waveshare.com/media/catalog/product/cache/1/image/560x560/9df78eab33525d08d6e5fb8d27136e95/d/d/ddsm115-1.jpg,https://www.waveshare.com/ddsm115.htm,2026-09-29,downloaded_3d,dxf|f3d|step|zip,https://files.waveshare.com/upload/c/c9/DDSM115_STEP.zip|https://files.waveshare.com/upload/1/17/DDSM115_F3D.zip|https://files.waveshare.com/upload/a/a0/DDSM115_DXF.zip,docs/robot-parts-stores/cad/originals/waveshare-23489/DDSM115_STEP.zip|docs/robot-parts-stores/cad/extracted/waveshare-23489/DDSM115_STEP/DDSM115 STEP.step|docs/robot-parts-stores/cad/originals/waveshare-23489/DDSM115_F3D.zip|docs/robot-parts-stores/cad/extracted/waveshare-23489/DDSM115_F3D/DDSM115 F3D.f3d|docs/robot-parts-stores/cad/originals/waveshare-23489/DDSM115_DXF.zip|docs/robot-parts-stores/cad/extracted/waveshare-23489/DDSM115_DXF/DDSM115 DXF.dxf,,,,
waveshare-24440,waveshare,Waveshare Electronics,"2.3kg Serial Bus Servo, Two-way Feedback, Servo/Motor Mode Switchable, Compact Size, 300° Rotation Angle",24440,https://www.waveshare.com/sc09-servo.htm,servos,arms,legs|head,smart_servo,component,"SC09 serial-bus servo supports angular positioning, continuous rotation and feedback.",Suggested joint for small arms; walkers and pan-tilt concepts are alternatives. Servo body alone is not a full arm or leg.,medium,One SC09 servo; servo driver board is explicitly excluded. External links/mounts and suitable power are needed.,8.99,USD,2026-09-29,"Serial bus servo, 2.3 kg·cm at 6 V, 300° rotation, 4–6 V, 0.1 s/60°",live_verified,https://www.waveshare.com/sc09-servo.htm,"Vendor names arms, quadrupeds and hexapods, with 300-degree positioning and continuous motor mode. Official product page fetched directly over HTTPS with HTTP 200 and inspected on the research date.",2026-09-29,https://www.waveshare.com/media/catalog/product/cache/1/image/560x560/9df78eab33525d08d6e5fb8d27136e95/s/c/sc09-servo-1.jpg,https://www.waveshare.com/sc09-servo.htm,2026-09-29,downloaded_3d,step|zip,https://files.waveshare.com/wiki/SXXX-Servo/sc09.zip|https://files.waveshare.com/upload/9/9f/SC09.zip,docs/robot-parts-stores/cad/originals/waveshare-24440/SC09-wiki-model.zip|docs/robot-parts-stores/cad/extracted/waveshare-24440/SC09-wiki-model/sc09/SC09-SERVO.step|docs/robot-parts-stores/cad/extracted/waveshare-24440/SC09-wiki-model/sc09/SC09_ARM.step|docs/robot-parts-stores/cad/originals/waveshare-24440/SC09-upload-9f.zip|docs/robot-parts-stores/cad/extracted/waveshare-24440/SC09-upload-9f/SC09-SERVO.step|docs/robot-parts-stores/cad/extracted/waveshare-24440/SC09-upload-9f/SC09-ARM.step,The wiki links two case-only-different ZIP filenames; stored under distinct names for macOS. The link labeled DXF Drawing actually contains STEP files; formats are derived from archive contents.,,,role_medium_confidence
waveshare-21568,waveshare,Waveshare Electronics,SC15 17kg Large Torque Programmable Serial Bus Servo,21568,https://www.waveshare.com/sc15-servo.htm,servos,arms,legs,smart_servo,component,SC15 metal-geared serial-bus servo provides position feedback and servo/motor operating modes.,Suggested arm joint with leg-joint use in walkers; it does not include the links or frame of an entire limb.,medium,One SC15 servo; pictured JETANK and servo driver board are explicitly excluded.,17.99,USD,2026-09-29,"Serial bus servo, 15 kg·cm at 6 V, metal gears, 4.8–8.4 V, 210° servo / 360° motor mode",live_verified,https://www.waveshare.com/sc15-servo.htm,Product page names robotic arms and multi-legged robots and specifies 210-degree servo/continuous motor modes. Official product page fetched directly over HTTPS with HTTP 200 and inspected on the research date.,2026-09-29,https://www.waveshare.com/media/catalog/product/cache/1/image/560x560/9df78eab33525d08d6e5fb8d27136e95/s/c/sc15-servo-2.jpg,https://www.waveshare.com/sc15-servo.htm,2026-09-29,downloaded_3d,dxf|stp|zip,https://files.waveshare.com/wiki/SC15_Servo/SC15-Servo.zip,docs/robot-parts-stores/cad/originals/waveshare-21568/SC15-Servo.zip|docs/robot-parts-stores/cad/extracted/waveshare-21568/SC15-Servo/SC15-Servo/sc15.dxf|docs/robot-parts-stores/cad/extracted/waveshare-21568/SC15-Servo/SC15-Servo/sc15_2.dxf|docs/robot-parts-stores/cad/extracted/waveshare-21568/SC15-Servo/SC15-Servo/SC15_not-bracket.stp|docs/robot-parts-stores/cad/extracted/waveshare-21568/SC15-Servo/SC15-Servo/SC15_with-bracket.stp,,docs/robot-builder/public/models/waveshare-21568.glb,docs/robot-builder/public/thumbnails/waveshare-21568.png,role_medium_confidence
waveshare-15364,waveshare,Waveshare Electronics,"Motor Driver HAT for Raspberry Pi, I2C Interface",15364,https://www.waveshare.com/motor-driver-hat.htm,motor-drivers,support,,motor_driver,module,I2C Raspberry Pi HAT controls two DC motors through a dual H-bridge driver.,Drive electronics support locomotion but are not moving legs or motors.,high,One HAT and mounting screw pack; Raspberry Pi is excluded and DC motors are separate.,13.99,USD,2026-09-29,"Raspberry Pi HAT, TB6612FNG + PCA9685, I2C, 6–12 V motor supply",live_verified,https://www.waveshare.com/motor-driver-hat.htm,Overview states two-motor control using PCA9685 and TB6612FNG; package excludes Raspberry Pi. Official product page fetched directly over HTTPS with HTTP 200 and inspected on the research date.,2026-09-29,https://www.waveshare.com/media/catalog/product/cache/1/image/560x560/9df78eab33525d08d6e5fb8d27136e95/m/o/motor-driver-hat-1.jpg,https://www.waveshare.com/motor-driver-hat.htm,2026-09-29,downloaded_3d,dwg|pdf|stp|zip,https://files.waveshare.com/wiki/Motor-Driver-HAT/3D/Motor-Driver-HAT_3D.zip,docs/robot-parts-stores/cad/originals/waveshare-15364/Motor-Driver-HAT_3D.zip|docs/robot-parts-stores/cad/extracted/waveshare-15364/Motor-Driver-HAT_3D/Motor Driver HAT═Γ╨╬│▀┤τ═╝-20251112.dwg|docs/robot-parts-stores/cad/extracted/waveshare-15364/Motor-Driver-HAT_3D/Motor Driver HAT═Γ╨╬│▀┤τ═╝-20251112.pdf|docs/robot-parts-stores/cad/extracted/waveshare-15364/Motor-Driver-HAT_3D/Motor Driver HAT_3d-20251112.stp,,,,
waveshare-15669,waveshare,Waveshare Electronics,"Stepper Motor HAT for Raspberry Pi, Drives Two Stepper Motors",15669,https://www.waveshare.com/stepper-motor-hat.htm,motor-drivers,support,,motor_driver,module,Raspberry Pi HAT drives two stepper motors with configurable microstepping.,Controls separate actuators for arms or other mechanisms; the board itself is support electronics.,high,One HAT and mounting screw pack; Raspberry Pi and stepper motors explicitly excluded.,18.99,USD,2026-09-29,"Raspberry Pi HAT, dual DRV8825, 8.2–28 V, 2.5 A, up to 1/32 microstepping",live_verified,https://www.waveshare.com/stepper-motor-hat.htm,Vendor lists two DRV8825 channels and six microstep settings plus the separate-motor requirement. Official product page fetched directly over HTTPS with HTTP 200 and inspected on the research date.,2026-09-29,https://www.waveshare.com/media/catalog/product/cache/1/image/560x560/9df78eab33525d08d6e5fb8d27136e95/s/t/stepper-motor-hat-1_4.jpg,https://www.waveshare.com/stepper-motor-hat.htm,2026-09-29,not_found_in_checked_sources,,,,,,,
waveshare-23730,waveshare,Waveshare Electronics,"General Driver board for Robots, Based on ESP32, multi-functional, supports WIFI, Bluetooth and ESP-NOW communications, ESP32-WROOM-32UE, ESP32 Dev Board",23730,https://www.waveshare.com/general-driver-for-robots.htm,microcontrollers-sbc,support,,robot_controller,module,"ESP32 robot controller integrates DC-motor and serial-servo interfaces, wireless communication and inertial sensing.","Shared control and power-interface board for multiple body systems, not a torso frame.",high,"One General Driver board, antenna and screw pack; motors, host computer and battery source are separate.",27.99,USD,2026-09-29,"ESP32-WROOM-32UE robot driver board, Wi-Fi/Bluetooth/ESP-NOW, works with Raspberry Pi and Jetson Nano",live_verified,https://www.waveshare.com/general-driver-for-robots.htm,"Features list ESP32, DC-motor channels, serial-servo control, IMU and host header; package lists board/antenna/screws. Official product page fetched directly over HTTPS with HTTP 200 and inspected on the research date.",2026-09-29,https://www.waveshare.com/media/catalog/product/cache/1/image/560x560/9df78eab33525d08d6e5fb8d27136e95/g/e/general-driver-for-robots-1_1.jpg,https://www.waveshare.com/general-driver-for-robots.htm,2026-09-29,downloaded_3d,dxf|step|zip,https://files.waveshare.com/upload/5/50/GENERAL-DRIVER-FOR-ROBOTS-STR-DXF.zip|https://files.waveshare.com/upload/8/8e/General_Driver_for_Robots_STEP.zip,docs/robot-parts-stores/cad/originals/waveshare-23730/GENERAL-DRIVER-FOR-ROBOTS-STR-DXF.zip|docs/robot-parts-stores/cad/extracted/waveshare-23730/GENERAL-DRIVER-FOR-ROBOTS-STR-DXF/GENERAL-DRIVER-FOR-ROBOTS-STR-DXF.dxf|docs/robot-parts-stores/cad/originals/waveshare-23730/General_Driver_for_Robots_STEP.zip|docs/robot-parts-stores/cad/extracted/waveshare-23730/General_Driver_for_Robots_STEP/General Driver for Robots STEP.step,,,,
waveshare-25978,waveshare,Waveshare Electronics,"D500 Developer Kit, DTOF Laser Ranging Sensor, 360° Omni-Directional Lidar, UART Bus",25978,https://www.waveshare.com/d500-lidar-kit.htm,sensors,head,,lidar,kit,D500 spinning time-of-flight lidar scans surrounding distances through 360 degrees for mapping and obstacle detection.,Perception assembly for a conceptual head; it is a lidar development kit rather than a complete articulated head.,high,"Includes D500 lidar, adapter, USB cable and four-pin cable; Raspberry Pi excluded. Existing LD19 CAD is a related model, not an exact D500 asset.",95.99,USD,2026-09-29,"360° DTOF lidar, 0.03–12 m, 5000 Hz ranging, 6–13 Hz scan, UART 230400",live_verified,https://www.waveshare.com/d500-lidar-kit.htm,"Product specifies 360-degree scanning, 0.03–12 m ranging and four listed package items. Official product page fetched directly over HTTPS with HTTP 200 and inspected on the research date.",2026-09-29,https://www.waveshare.com/media/catalog/product/cache/1/image/560x560/9df78eab33525d08d6e5fb8d27136e95/d/5/d500-lidar-kit-1.jpg,https://www.waveshare.com/d500-lidar-kit.htm,2026-09-29,related_model_only,step|stl|zip,https://files.waveshare.com/upload/d/d2/DTOF-LIDAR-LD19-STEP.zip|https://files.waveshare.com/upload/1/1d/DTOF-LIDAR-LD19-STL_%281%29.zip,docs/robot-parts-stores/cad/originals/waveshare-25978/DTOF-LIDAR-LD19-STEP.zip|docs/robot-parts-stores/cad/extracted/waveshare-25978/DTOF-LIDAR-LD19-STEP/LD19.step|docs/robot-parts-stores/cad/originals/waveshare-25978/DTOF-LIDAR-LD19-STL_(1).zip|docs/robot-parts-stores/cad/extracted/waveshare-25978/DTOF-LIDAR-LD19-STL_(1)/LD19.stl,D500 kit wiki links to files named LD19. Supplier-linked related model; exact D500 geometry is unverified.,,,cad_related_model_only
waveshare-18301,waveshare,Waveshare Electronics,"TOF Laser Range Sensor, UART / CAN Bus, Cascading Support, Ranging up to 5m, with Software",18301,https://www.waveshare.com/tof-laser-range-sensor.htm,sensors,head,,distance_sensor,module,Time-of-flight laser ranging module reports distances over UART or CAN for obstacle sensing.,Outward distance perception fits the head category; this module has no head structure or pan-tilt mechanism.,high,One sensor plus two four-pin cables; USB-to-TTL adapter is recommended separately for testing.,17.99,USD,2026-09-29,"Time-of-flight laser range sensor, up to 5 m, UART/CAN, cascadable",live_verified,https://www.waveshare.com/tof-laser-range-sensor.htm,Overview identifies distance measurement and robot obstacle avoidance; package lists the sensor and cables. Official product page fetched directly over HTTPS with HTTP 200 and inspected on the research date.,2026-09-29,https://www.waveshare.com/media/catalog/product/cache/1/image/560x560/9df78eab33525d08d6e5fb8d27136e95/t/o/tof-laser-range-sensor-1.jpg,https://www.waveshare.com/tof-laser-range-sensor.htm,2026-09-29,not_found_in_checked_sources,,,,,,,
waveshare-wave-rover,waveshare,Waveshare Electronics,"WAVE ROVER Flexible And Expandable 4WD Mobile Robot Chassis, Full Metal Body, Multiple Hosts Support, With Onboard ESP32 Module",,https://www.waveshare.com/wave-rover.htm,chassis-kits,legs,torso,mobile_base,module,"Four-wheel-drive mobile base combines a metal chassis, four geared motors, tires, ESP32 driver and UPS module.","This supplies robot locomotion, so it is the legs/base choice from the user example. Its mounting surface can also carry the torso.",high,"Requires three 18650 cells, explicitly not included. Host computer, lidar and pan-tilt camera are optional additions, not implied by the chassis listing.",89.99,USD,2026-09-29,"Full-metal 4WD chassis with onboard ESP32, 4 × 1.5 W motors, 3 × 18650 (not included), 194 × 168 × 100 mm",live_verified,https://www.waveshare.com/wave-rover.htm,"Vendor describes 4WD with four N20 motors, flexible tires, mounting plate and onboard driver/UPS; three batteries excluded. Official product page fetched directly over HTTPS with HTTP 200 and inspected on the research date.",2026-09-29,https://www.waveshare.com/media/catalog/product/cache/1/image/560x560/9df78eab33525d08d6e5fb8d27136e95/w/a/wave-rover-1.jpg,https://www.waveshare.com/wave-rover.htm,2026-09-29,downloaded_3d,dxf|rar|stl,https://files.waveshare.com/upload/5/51/WAVE_ROVER_DXF.rar|https://files.waveshare.com/upload/e/ef/WAVE_ROVER-EP_DXF.rar|https://files.waveshare.com/upload/e/ec/WAVE_ROVER_MODEL_STL.rar,docs/robot-parts-stores/cad/originals/waveshare-wave-rover/WAVE_ROVER_DXF.rar|docs/robot-parts-stores/cad/extracted/waveshare-wave-rover/WAVE_ROVER_DXF/WAVE ROVER DXF.dxf|docs/robot-parts-stores/cad/originals/waveshare-wave-rover/WAVE_ROVER-EP_DXF.rar|docs/robot-parts-stores/cad/extracted/waveshare-wave-rover/WAVE_ROVER-EP_DXF/WAVE ROVER-EP DXF.dxf|docs/robot-parts-stores/cad/originals/waveshare-wave-rover/WAVE_ROVER_MODEL_STL.rar|docs/robot-parts-stores/cad/extracted/waveshare-wave-rover/WAVE_ROVER_MODEL_STL/WAVE ROVER_MODEL_STL.stl,,docs/robot-builder/public/models/waveshare-wave-rover.glb,docs/robot-builder/public/thumbnails/waveshare-wave-rover.png,
waveshare-ups-hat,waveshare,Waveshare Electronics,"Uninterruptible Power Supply UPS HAT For Raspberry Pi, Stable 5V Power Output",,https://www.waveshare.com/ups-hat.htm,power-batteries,support,,power_module,module,Raspberry Pi UPS board maintains regulated 5 V output from external power or two 18650 cells.,Power management supports computing and peripherals; it is not a robot body or battery cell.,high,"18650 cells excluded. HAT supports two cells; page shows charger as an option, so verify the chosen bundle before assuming a charger is included.",19.99,USD,2026-09-29,"5 V UPS HAT for Raspberry Pi, 18650 cells (not included), 8.4 V 2 A charger, I2C monitoring",live_verified,https://www.waveshare.com/ups-hat.htm,Specifications identify 5 V output and battery support; package section excludes cells and labels the charger under options. Official product page fetched directly over HTTPS with HTTP 200 and inspected on the research date.,2026-09-29,https://www.waveshare.com/media/catalog/product/cache/1/image/560x560/9df78eab33525d08d6e5fb8d27136e95/u/p/ups-hat-4_6.jpg,https://www.waveshare.com/ups-hat.htm,2026-09-29,downloaded_3d,stp|zip,https://files.waveshare.com/upload/b/bc/UPS-HAT_3D.zip,docs/robot-parts-stores/cad/originals/waveshare-ups-hat/UPS-HAT_3D.zip|docs/robot-parts-stores/cad/extracted/waveshare-ups-hat/UPS-HAT_3D/ups-hat_20221117.stp,,,,
waveshare-dc-buck-adapter-7-2v,waveshare,Waveshare Electronics,"Serial Bus Servo DC Buck Adapter, Mini Module, Design for Serial Bus Servos, Easy to Use, 7.2V / 6V Buck Regulator",,https://www.waveshare.com/dc-buck-adapter-7.2v.htm,power-batteries,support,,voltage_regulator,module,Inline DC buck regulator converts a 9–36 V supply to the selected 7.2 V or 6 V servo rail.,"Servo power-conditioning accessory, not an actuator or limb.",high,"One selected-voltage adapter plus a 30 cm servo cable; UPS, driver board and servo are explicitly excluded. The catalog URL names the 7.2 V variant.",3.49,USD,2026-09-29,"Buck adapter for serial bus servos, 9–36 V in, 7.2 V or 6 V out",live_verified,https://www.waveshare.com/dc-buck-adapter-7.2v.htm,"Product distinguishes 7.2 V and 6 V variants, specifies input range and lists the separate demo hardware. Official product page fetched directly over HTTPS with HTTP 200 and inspected on the research date.",2026-09-29,https://www.waveshare.com/media/catalog/product/cache/1/image/560x560/9df78eab33525d08d6e5fb8d27136e95/d/c/dc-buck-adapter-7.2v-1.jpg,https://www.waveshare.com/dc-buck-adapter-7.2v.htm,2026-09-29,downloaded_3d,step|zip,https://files.waveshare.com/wiki/DC-BUCK-Adapter-(7.2V)/DC_BUCK_Adapter_(7.2V).step.zip,docs/robot-parts-stores/cad/originals/waveshare-dc-buck-adapter-7-2v/DC_BUCK_Adapter_(7.2V).step.zip|docs/robot-parts-stores/cad/extracted/waveshare-dc-buck-adapter-7-2v/DC_BUCK_Adapter_(7.2V).step/DC BUCK Adapter (7.2V).step,,,,
